LocalTimestamp,EmotiBitTimestamp,PacketNumber,DataLength,TypeTag,ProtocolVersion,DataReliability,BI
1734423536.949219,44308,4671,1,BI,1,100,560
1734423537.509219,44868,4770,1,BI,1,100,560
1734423538.068220,45427,4859,1,BI,1,100,560
1734423538.628221,45987,4960,1,BI,1,100,560
1734423539.189222,46548,5041,1,BI,1,100,560
1734423539.708222,47067,5118,1,BI,1,100,520
1734423540.268223,47627,5218,1,BI,1,100,560
1734423540.882224,48241,5317,1,BI,1,100,600
1734423542.041226,49400,5502,1,BI,1,100,1160
1734423542.641227,50000,5602,1,BI,1,100,600
1734423543.281227,50640,5723,1,BI,1,100,640
1734423543.961228,51320,5821,1,BI,1,100,680
1734423544.574229,51933,5927,1,BI,1,100,600
1734423545.214230,52573,6028,1,BI,1,100,640
1734423545.814231,53173,6127,1,BI,1,100,600
1734423546.454232,53813,6228,1,BI,1,100,640
1734423547.094233,54453,6343,1,BI,1,100,640
1734423547.694234,55053,6444,1,BI,1,100,600
1734423548.227234,55586,6530,1,BI,1,100,520
1734423548.787235,56146,6612,1,BI,1,100,560
1734423549.347236,56706,6713,1,BI,1,100,560
1734423549.907237,57266,6800,1,BI,1,100,560
1734423550.547238,57906,6901,1,BI,1,100,640
1734423551.067239,58426,6985,1,BI,1,100,520
1734423551.627239,58986,7084,1,BI,1,100,560
1734423552.200240,59559,7168,1,BI,1,100,560
1734423552.760241,60119,7268,1,BI,1,100,560
1734423553.280242,60639,7352,1,BI,1,100,520
1734423553.840242,61199,7455,1,BI,1,100,560
1734423554.440243,61799,7540,1,BI,1,100,600
1734423554.960244,62319,7628,1,BI,1,100,520
1734423555.600245,62959,7747,1,BI,1,100,640
1734423556.173246,63532,7830,1,BI,1,100,560
1734423556.733247,64092,7929,1,BI,1,100,560
1734423557.333247,64692,8013,1,BI,1,100,600
1734423557.893248,65252,8114,1,BI,1,100,560
1734423558.453249,65812,8216,1,BI,1,100,560
1734423559.013250,66372,8299,1,BI,1,100,560
1734423559.586251,66945,8399,1,BI,1,100,560
1734423560.146251,67505,8489,1,BI,1,100,560
1734423560.666252,68025,8571,1,BI,1,100,520
1734423561.186253,68545,8657,1,BI,1,100,520
1734423561.746254,69105,8758,1,BI,1,100,560
1734423562.266254,69625,8841,1,BI,1,100,520
1734423562.786255,70145,8925,1,BI,1,100,520
1734423563.399256,70758,9029,1,BI,1,100,600
1734423563.919257,71278,9114,1,BI,1,100,520
1734423564.519258,71878,9213,1,BI,1,100,600
1734423565.039258,72398,9303,1,BI,1,100,520
1734423565.639259,72998,9402,1,BI,1,100,600
1734423566.199260,73558,9488,1,BI,1,100,560
1734423566.799261,74158,9589,1,BI,1,100,600
1734423567.332262,74691,9673,1,BI,1,100,520
1734423567.932262,75291,9773,1,BI,1,100,600
1734423568.532263,75891,9878,1,BI,1,100,600
1734423569.132264,76491,9980,1,BI,1,100,600
1734423569.732265,77091,10080,1,BI,1,100,600
1734423570.252266,77611,10155,1,BI,1,100,520
1734423570.985267,78344,10275,1,BI,1,100,720
1734423571.385267,78744,10342,1,BI,1,100,400
1734423571.945268,79304,10426,1,BI,1,100,560
1734423572.505269,79864,10527,1,BI,1,100,560
1734423573.065270,80424,10611,1,BI,1,100,560
1734423573.625271,80984,10711,1,BI,1,100,560
1734423574.185272,81544,10796,1,BI,1,100,560
1734423574.798272,82157,10897,1,BI,1,100,600
1734423575.358273,82717,11003,1,BI,1,100,560
1734423575.918274,83277,11087,1,BI,1,100,560
1734423576.518275,83877,11190,1,BI,1,100,600
1734423577.078275,84437,11289,1,BI,1,100,560
1734423577.638276,84997,11372,1,BI,1,100,560
1734423578.278277,85637,11477,1,BI,1,100,640
1734423578.811278,86170,11576,1,BI,1,100,520
1734423579.371279,86730,11665,1,BI,1,100,560
1734423579.971280,87330,11766,1,BI,1,100,600
1734423580.531281,87890,11854,1,BI,1,100,560
1734423581.091281,88450,11953,1,BI,1,100,560
1734423581.651282,89010,12038,1,BI,1,100,560
1734423582.251283,89610,12140,1,BI,1,100,600
1734423582.824284,90183,12239,1,BI,1,100,560
1734423583.384284,90743,12327,1,BI,1,100,560
1734423583.984285,91343,12430,1,BI,1,100,600
1734423584.584286,91943,12528,1,BI,1,100,600
1734423585.144287,92503,12629,1,BI,1,100,560
1734423585.744288,93103,12723,1,BI,1,100,600
1734423586.317289,93676,12822,1,BI,1,100,560
1734423586.957289,94316,12922,1,BI,1,100,640
1734423587.557290,94916,13021,1,BI,1,100,600
1734423588.117291,95476,13124,1,BI,1,100,560
1734423588.797292,96156,13223,1,BI,1,100,680
1734423589.397293,96756,13324,1,BI,1,100,600
1734423590.010294,97369,13423,1,BI,1,100,600
1734423590.610295,97969,13526,1,BI,1,100,600
1734423591.170295,98529,13611,1,BI,1,100,560
1734423591.770296,99129,13712,1,BI,1,100,600
1734423592.330297,99689,13813,1,BI,1,100,560
1734423592.930298,100289,13894,1,BI,1,100,600
1734423593.490299,100849,13997,1,BI,1,100,560
1734423594.263300,101622,14130,1,BI,1,100,760
1734423594.703300,102062,14199,1,BI,1,100,440
1734423595.223301,102582,14283,1,BI,1,100,520
1734423595.863302,103222,14389,1,BI,1,100,640
1734423596.423303,103782,14476,1,BI,1,100,560
1734423596.943304,104302,14577,1,BI,1,100,520
1734423597.556305,104915,14677,1,BI,1,100,600
1734423598.156306,105515,14763,1,BI,1,100,600
1734423598.676306,106035,14864,1,BI,1,100,520
1734423599.196307,106555,14948,1,BI,1,100,520
1734423599.716308,107075,15032,1,BI,1,100,520
1734423600.436309,107795,15148,1,BI,1,100,720
1734423601.076310,108435,15254,1,BI,1,100,640
1734423601.649311,109008,15337,1,BI,1,100,560
1734423602.249311,109608,15438,1,BI,1,100,600
1734423602.809312,110168,15523,1,BI,1,100,560
1734423603.369313,110728,15624,1,BI,1,100,560
1734423603.969314,111328,15725,1,BI,1,100,600
1734423604.489315,111848,15808,1,BI,1,100,520
1734423605.049315,112408,15891,1,BI,1,100,560
1734423605.622316,112981,15993,1,BI,1,100,560
1734423606.142317,113501,16066,1,BI,1,100,520
1734423606.742318,114101,16165,1,BI,1,100,600
1734423607.342319,114701,16268,1,BI,1,100,600
1734423607.942319,115301,16368,1,BI,1,100,600
1734423608.582320,115941,16469,1,BI,1,100,640
1734423609.315321,116674,16602,1,BI,1,100,720
1734423610.315323,117674,16751,1,BI,1,100,1000
1734423610.835324,118194,16850,1,BI,1,100,520
1734423611.754325,119113,16990,1,BI,1,100,920
1734423612.314326,119673,17089,1,BI,1,100,560
1734423613.008327,120367,17208,1,BI,1,100,680
1734423613.728328,121087,17324,1,BI,1,100,720
1734423614.368329,121727,17425,1,BI,1,100,640
1734423615.007329,122366,17524,1,BI,1,100,640
1734423615.647330,123006,17640,1,BI,1,100,640
1734423616.447331,123806,17762,1,BI,1,100,800
1734423617.101332,124460,17863,1,BI,1,100,640
1734423617.700333,125059,17962,1,BI,1,100,600
1734423618.340334,125699,18081,1,BI,1,100,640
1734423618.901335,126260,18163,1,BI,1,100,560
1734423619.620336,126979,18280,1,BI,1,100,720
1734423620.674338,128033,18462,1,BI,1,100,1040
1734423621.554339,128913,18601,1,BI,1,100,880
1734423622.113340,129472,18702,1,BI,1,100,560
1734423623.033341,130392,18853,1,BI,1,100,920
1734423623.553342,130912,18935,1,BI,1,100,520
1734423624.327343,131686,19069,1,BI,1,100,760
1734423625.006344,132365,19169,1,BI,1,100,680
1734423625.726345,133085,19284,1,BI,1,100,720
1734423626.606346,133965,19441,1,BI,1,100,880
1734423627.406347,134765,19573,1,BI,1,100,800
1734423628.179348,135538,19690,1,BI,1,100,760
1734423628.940349,136299,19822,1,BI,1,100,760
1734423629.739351,137098,19955,1,BI,1,100,800
1734423630.539352,137898,20087,1,BI,1,100,800
1734423631.299353,138658,20206,1,BI,1,100,760
1734423631.992354,139351,20310,1,BI,1,100,680
1734423632.952355,140311,20476,1,BI,1,100,960
1734423633.472356,140831,20560,1,BI,1,100,520
1734423634.592357,141951,20740,1,BI,1,100,1120
1734423635.192358,142551,20841,1,BI,1,100,600
1734423635.805359,143164,20942,1,BI,1,100,600
1734423636.565360,143924,21063,1,BI,1,100,760
1734423637.285361,144644,21163,1,BI,1,100,720
1734423638.205363,145564,21314,1,BI,1,100,920
1734423638.845363,146204,21415,1,BI,1,100,640
1734423639.618365,146977,21548,1,BI,1,100,760
1734423640.298366,147657,21663,1,BI,1,100,680
1734423640.938366,148297,21763,1,BI,1,100,640
1734423641.738368,149097,21903,1,BI,1,100,800
1734423642.578369,149937,22035,1,BI,1,100,840
1734423643.271370,150630,22153,1,BI,1,100,680
1734423643.951371,151310,22271,1,BI,1,100,680
1734423644.631372,151990,22369,1,BI,1,100,680
1734423645.431373,152790,22504,1,BI,1,100,800
1734423646.271374,153630,22639,1,BI,1,100,840
1734423647.004375,154363,22762,1,BI,1,100,720
1734423647.684376,155043,22877,1,BI,1,100,680
1734423648.404377,155763,22997,1,BI,1,100,720
1734423649.204378,156563,23129,1,BI,1,100,800
1734423649.724379,157083,23213,1,BI,1,100,520
1734423650.324380,157683,23312,1,BI,1,100,600
1734423650.977381,158336,23431,1,BI,1,100,640
1734423651.697382,159056,23549,1,BI,1,100,720
1734423652.497383,159856,23686,1,BI,1,100,800
1734423653.177384,160536,23787,1,BI,1,100,680
1734423653.897385,161256,23905,1,BI,1,100,720
1734423654.590386,161949,24020,1,BI,1,100,680
1734423655.270387,162629,24136,1,BI,1,100,680
1734423655.910388,163269,24237,1,BI,1,100,640
1734423656.510389,163869,24338,1,BI,1,100,600
1734423657.150389,164509,24442,1,BI,1,100,640
1734423657.750390,165109,24543,1,BI,1,100,600
1734423658.403391,165762,24660,1,BI,1,100,640
1734423659.043392,166402,24761,1,BI,1,100,640
1734423659.683393,167042,24860,1,BI,1,100,640
1734423660.323394,167682,24978,1,BI,1,100,640
1734423661.003395,168362,25077,1,BI,1,100,680
1734423661.603396,168962,25177,1,BI,1,100,600
1734423662.176397,169535,25281,1,BI,1,100,560
1734423662.816397,170175,25382,1,BI,1,100,640
1734423663.496398,170855,25499,1,BI,1,100,680
1734423664.216399,171575,25617,1,BI,1,100,720
1734423664.816400,172175,25718,1,BI,1,100,600
1734423665.509401,172868,25833,1,BI,1,100,680
1734423666.109402,173468,25934,1,BI,1,100,600
1734423666.749403,174108,26036,1,BI,1,100,640
1734423667.429404,174788,26143,1,BI,1,100,680
1734423668.029405,175388,26248,1,BI,1,100,600
1734423668.749406,176108,26364,1,BI,1,100,720
1734423669.442407,176801,26480,1,BI,1,100,680
1734423670.122408,177481,26597,1,BI,1,100,680
1734423670.842409,178201,26696,1,BI,1,100,720
1734423671.442410,178801,26797,1,BI,1,100,600
1734423672.082411,179441,26896,1,BI,1,100,640
1734423672.762412,180121,27002,1,BI,1,100,680
1734423673.575413,180934,27136,1,BI,1,100,800
1734423674.015414,181374,27221,1,BI,1,100,440
1734423674.615414,181974,27322,1,BI,1,100,600
1734423675.255415,182614,27420,1,BI,1,100,640
1734423675.935416,183294,27523,1,BI,1,100,680
1734423676.455417,183814,27624,1,BI,1,100,520
1734423677.028418,184387,27706,1,BI,1,100,560
1734423677.708419,185067,27829,1,BI,1,100,680
1734423678.428420,185787,27946,1,BI,1,100,720
1734423679.308421,186667,28096,1,BI,1,100,880
1734423680.068422,187427,28211,1,BI,1,100,760
1734423680.841423,188200,28344,1,BI,1,100,760
1734423681.561424,188920,28461,1,BI,1,100,720
1734423682.241425,189600,28562,1,BI,1,100,680
1734423683.201427,190560,28733,1,BI,1,100,960
1734423683.641427,191000,28801,1,BI,1,100,440
1734423684.334428,191693,28918,1,BI,1,100,680
1734423685.134429,192493,29034,1,BI,1,100,800
1734423685.694430,193053,29135,1,BI,1,100,560
1734423686.494431,193853,29236,1,BI,1,100,800
1734423687.094432,194453,29321,1,BI,1,100,600
1734423687.854433,195213,29443,1,BI,1,100,760
1734423688.707434,196066,29593,1,BI,1,100,840
1734423689.467435,196826,29710,1,BI,1,100,760
1734423690.187437,197546,29826,1,BI,1,100,720
1734423691.066438,198425,29975,1,BI,1,100,880
1734423691.880439,199239,30107,1,BI,1,100,800
1734423692.720440,200079,30240,1,BI,1,100,840
1734423693.240441,200599,30315,1,BI,1,100,520
1734423693.960442,201319,30430,1,BI,1,100,720
1734423694.599443,201958,30549,1,BI,1,100,640
1734423695.279444,202638,30649,1,BI,1,100,680
1734423695.933445,203292,30765,1,BI,1,100,640
1734423696.613446,203972,30883,1,BI,1,100,680
1734423697.333447,204692,31000,1,BI,1,100,720
1734423698.052448,205411,31123,1,BI,1,100,720
1734423698.692449,206051,31224,1,BI,1,100,640
1734423699.386450,206745,31339,1,BI,1,100,680
1734423700.106451,207465,31459,1,BI,1,100,720
1734423700.826452,208185,31574,1,BI,1,100,720
1734423701.625453,208984,31709,1,BI,1,100,800
1734423702.385454,209744,31825,1,BI,1,100,760
1734423703.039455,210398,31949,1,BI,1,100,640
1734423703.759456,211118,32065,1,BI,1,100,720
1734423704.598457,211957,32197,1,BI,1,100,840
1734423705.078458,212437,32281,1,BI,1,100,480
1734423705.838459,213197,32397,1,BI,1,100,760
1734423706.732460,214091,32549,1,BI,1,100,880
1734423707.292461,214651,32630,1,BI,1,100,560
1734423707.971462,215330,32751,1,BI,1,100,680
1734423708.812463,216171,32889,1,BI,1,100,840
1734423709.491464,216850,32990,1,BI,1,100,680
1734423710.251465,217610,33122,1,BI,1,100,760
1734423711.185466,218544,33271,1,BI,1,100,920
1734423711.705467,219064,33356,1,BI,1,100,520
1734423712.265468,219624,33455,1,BI,1,100,560
1734423712.984469,220343,33572,1,BI,1,100,720
1734423713.944470,221303,33732,1,BI,1,100,960
1734423714.597471,221956,33830,1,BI,1,100,640
1734423715.318472,222677,33946,1,BI,1,100,720
1734423715.918473,223277,34046,1,BI,1,100,600
1734423716.597474,223956,34162,1,BI,1,100,680
1734423717.317475,224676,34282,1,BI,1,100,720
1734423717.931476,225290,34382,1,BI,1,100,600
1734423718.610477,225969,34489,1,BI,1,100,680
1734423719.290478,226649,34610,1,BI,1,100,680
1734423719.930479,227289,34708,1,BI,1,100,640
1734423720.610480,227969,34823,1,BI,1,100,680
1734423721.210481,228569,34924,1,BI,1,100,600
1734423721.784482,229143,35025,1,BI,1,100,560
1734423722.384482,229743,35108,1,BI,1,100,600
1734423723.023483,230382,35227,1,BI,1,100,640
1734423723.703484,231062,35335,1,BI,1,100,680
1734423723.823484,231182,35352,1,BI,1,100,120
1734423724.343485,231702,35438,1,BI,1,100,520
1734423724.943486,232302,35538,1,BI,1,100,600
1734423725.557487,232916,35637,1,BI,1,100,600
1734423726.157488,233516,35738,1,BI,1,100,600
1734423726.796489,234155,35840,1,BI,1,100,640
1734423727.396489,234755,35942,1,BI,1,100,600
1734423727.996490,235355,36045,1,BI,1,100,600
1734423728.636491,235995,36166,1,BI,1,100,640
1734423729.289492,236648,36267,1,BI,1,100,640
1734423729.929493,237288,36365,1,BI,1,100,640
1734423730.649494,238008,36483,1,BI,1,100,720
1734423731.369495,238728,36599,1,BI,1,100,720
1734423732.169496,239528,36731,1,BI,1,100,800
1734423732.862497,240221,36850,1,BI,1,100,680
1734423733.542498,240901,36951,1,BI,1,100,680
1734423734.182499,241541,37056,1,BI,1,100,640
1734423735.062500,242421,37206,1,BI,1,100,880
1734423735.662501,243021,37306,1,BI,1,100,600
1734423736.555502,243914,37453,1,BI,1,100,880
1734423737.275503,244634,37572,1,BI,1,100,720
1734423738.355505,245714,37740,1,BI,1,100,1080
1734423739.075506,246434,37860,1,BI,1,100,720
1734423739.755507,247114,37976,1,BI,1,100,680
1734423740.528508,247887,38093,1,BI,1,100,760
1734423741.408509,248767,38243,1,BI,1,100,880
1734423742.168510,249527,38358,1,BI,1,100,760
1734423742.968512,250327,38493,1,BI,1,100,800
1734423743.821513,251180,38625,1,BI,1,100,840
1734423744.741514,252100,38782,1,BI,1,100,920
1734423745.421515,252780,38881,1,BI,1,100,680
1734423746.181516,253540,39013,1,BI,1,100,760
1734423747.181518,254540,39179,1,BI,1,100,1000
1734423747.994519,255353,39314,1,BI,1,100,800
1734423748.874520,256233,39446,1,BI,1,100,880
1734423749.714521,257073,39583,1,BI,1,100,840
1734423750.434522,257793,39699,1,BI,1,100,720
1734423751.327523,258686,39848,1,BI,1,100,880
1734423751.967524,259326,39946,1,BI,1,100,640
1734423752.687526,260046,40065,1,BI,1,100,720
1734423753.487527,260846,40199,1,BI,1,100,800
1734423754.127527,261486,40314,1,BI,1,100,640
1734423754.940529,262299,40437,1,BI,1,100,800
1734423755.660530,263019,40553,1,BI,1,100,720
1734423756.340531,263699,40669,1,BI,1,100,680
1734423756.980531,264339,40769,1,BI,1,100,640
1734423757.580532,264939,40870,1,BI,1,100,600
1734423758.260533,265619,40987,1,BI,1,100,680
1734423758.993534,266352,41104,1,BI,1,100,720
1734423759.633535,266992,41212,1,BI,1,100,640
1734423760.313536,267672,41328,1,BI,1,100,680
1734423760.953537,268312,41430,1,BI,1,100,640
1734423761.633538,268992,41546,1,BI,1,100,680
1734423762.246539,269605,41650,1,BI,1,100,600
1734423762.886540,270245,41751,1,BI,1,100,640
1734423763.606541,270965,41870,1,BI,1,100,720
1734423764.126542,271485,41955,1,BI,1,100,520
1734423764.806543,272165,42063,1,BI,1,100,680
1734423765.446544,272805,42178,1,BI,1,100,640
1734423766.099545,273458,42278,1,BI,1,100,640
1734423766.819546,274178,42395,1,BI,1,100,720
1734423767.339546,274698,42479,1,BI,1,100,520
1734423768.059547,275418,42613,1,BI,1,100,720
1734423768.619548,275978,42696,1,BI,1,100,560
1734423769.259549,276618,42796,1,BI,1,100,640
1734423769.872550,277231,42902,1,BI,1,100,600
1734423770.512551,277871,43003,1,BI,1,100,640
1734423771.192552,278551,43118,1,BI,1,100,680
1734423771.792553,279151,43218,1,BI,1,100,600
1734423772.432554,279791,43320,1,BI,1,100,640
1734423773.112555,280471,43438,1,BI,1,100,680
1734423773.845556,281204,43555,1,BI,1,100,720
1734423774.325556,281684,43641,1,BI,1,100,480
1734423774.685557,282044,43694,1,BI,1,100,360
1734423775.165557,282524,43785,1,BI,1,100,480
1734423775.805558,283164,43869,1,BI,1,100,640
1734423776.405559,283764,43969,1,BI,1,100,600
1734423777.085560,284444,44070,1,BI,1,100,680
1734423777.738561,285097,44186,1,BI,1,100,640
1734423778.378562,285737,44289,1,BI,1,100,640
1734423779.018563,286377,44388,1,BI,1,100,640
1734423779.658564,287017,44505,1,BI,1,100,640
1734423780.258565,287617,44576,1,BI,1,100,600
1734423780.817565,288176,44660,1,BI,1,100,560
1734423781.591567,288950,44792,1,BI,1,100,760
1734423782.191567,289550,44891,1,BI,1,100,600
1734423782.751568,290110,44976,1,BI,1,100,560
1734423783.471569,290830,45095,1,BI,1,100,720
1734423784.151570,291510,45211,1,BI,1,100,680
1734423784.844571,292203,45328,1,BI,1,100,680
1734423785.524572,292883,45433,1,BI,1,100,680
1734423786.204573,293563,45533,1,BI,1,100,680
1734423786.884574,294243,45651,1,BI,1,100,680
1734423787.524575,294883,45750,1,BI,1,100,640
1734423788.163576,295522,45868,1,BI,1,100,640
1734423788.777577,296136,45968,1,BI,1,100,600
1734423789.377578,296736,46053,1,BI,1,100,600
1734423790.016579,297375,46173,1,BI,1,100,640
1734423790.577579,297936,46242,1,BI,1,100,560
1734423791.176580,298535,46346,1,BI,1,100,600
1734423791.776581,299135,46399,1,BI,1,100,600
1734423792.350582,299709,46500,1,BI,1,100,560
1734423792.990583,300349,46601,1,BI,1,100,640
1734423793.630584,300989,46701,1,BI,1,100,640
1734423794.310585,301669,46818,1,BI,1,100,680
1734423794.869586,302228,46918,1,BI,1,100,560
1734423795.469586,302828,47007,1,BI,1,100,600
1734423796.083587,303442,47106,1,BI,1,100,600
1734423796.683588,304042,47207,1,BI,1,100,600
1734423797.323589,304682,47308,1,BI,1,100,640
1734423797.923590,305282,47406,1,BI,1,100,600
1734423798.563591,305922,47524,1,BI,1,100,640
1734423799.162591,306521,47625,1,BI,1,100,600
1734423799.776592,307135,47726,1,BI,1,100,600
1734423800.415593,307774,47814,1,BI,1,100,640
1734423801.096594,308455,47929,1,BI,1,100,680
1734423801.855595,309214,48045,1,BI,1,100,760
1734423802.536596,309895,48162,1,BI,1,100,680
1734423803.309597,310668,48297,1,BI,1,100,760
1734423803.989599,311348,48413,1,BI,1,100,680
1734423804.669599,312028,48514,1,BI,1,100,680
1734423805.389601,312748,48629,1,BI,1,100,720
1734423806.148602,313507,48752,1,BI,1,100,760
1734423806.802603,314161,48867,1,BI,1,100,640
1734423807.722604,315081,49017,1,BI,1,100,920
1734423808.241605,315600,49102,1,BI,1,100,520
1734423808.882605,316241,49201,1,BI,1,100,640
1734423809.601606,316960,49319,1,BI,1,100,720
1734423810.201607,317560,49418,1,BI,1,100,600
1734423810.894608,318253,49540,1,BI,1,100,680
1734423811.695609,319054,49657,1,BI,1,100,800
1734423812.334610,319693,49776,1,BI,1,100,640
1734423813.094611,320453,49894,1,BI,1,100,760
1734423813.854613,321213,50026,1,BI,1,100,760
1734423814.588614,321947,50141,1,BI,1,100,720
1734423815.227614,322586,50242,1,BI,1,100,640
1734423815.907615,323266,50366,1,BI,1,100,680
1734423816.547616,323906,50464,1,BI,1,100,640
1734423817.187617,324546,50565,1,BI,1,100,640
1734423817.841618,325200,50680,1,BI,1,100,640
1734423818.520619,325879,50783,1,BI,1,100,680
1734423819.201620,326560,50899,1,BI,1,100,680
1734423819.840621,327199,51000,1,BI,1,100,640
1734423820.640622,327999,51133,1,BI,1,100,800
1734423821.453623,328812,51268,1,BI,1,100,800
1734423822.253624,329612,51401,1,BI,1,100,800
1734423823.093626,330452,51535,1,BI,1,100,840
1734423823.773627,331132,51651,1,BI,1,100,680
1734423824.533628,331892,51768,1,BI,1,100,760
1734423825.226629,332585,51883,1,BI,1,100,680
1734423826.146630,333505,52037,1,BI,1,100,920
1734423826.626631,333985,52104,1,BI,1,100,480
1734423827.266632,334625,52222,1,BI,1,100,640
1734423827.946633,335305,52322,1,BI,1,100,680
1734423828.586633,335945,52443,1,BI,1,100,640
1734423829.199634,336558,52541,1,BI,1,100,600
1734423829.839635,337198,52642,1,BI,1,100,640
1734423830.519636,337878,52757,1,BI,1,100,680
1734423831.079637,338438,52847,1,BI,1,100,560
1734423831.719638,339078,52948,1,BI,1,100,640
1734423832.412639,339771,53065,1,BI,1,100,680
1734423833.012640,340371,53170,1,BI,1,100,600
1734423833.612641,340971,53271,1,BI,1,100,600
1734423834.212641,341571,53355,1,BI,1,100,600
1734423834.852642,342211,53473,1,BI,1,100,640
1734423835.492643,342851,53575,1,BI,1,100,640
1734423836.065644,343424,53676,1,BI,1,100,560
1734423836.705645,344064,53785,1,BI,1,100,640
1734423837.305646,344664,53884,1,BI,1,100,600
1734423837.905647,345264,53968,1,BI,1,100,600
1734423838.465647,345824,54070,1,BI,1,100,560
1734423839.065648,346424,54170,1,BI,1,100,600
1734423839.678649,347037,54271,1,BI,1,100,600
1734423840.278650,347637,54370,1,BI,1,100,600
1734423840.838651,348197,54453,1,BI,1,100,560
1734423841.438652,348797,54561,1,BI,1,100,600
1734423842.038653,349397,54661,1,BI,1,100,600
1734423842.638654,349997,54761,1,BI,1,100,600
1734423843.238654,350597,54847,1,BI,1,100,600
1734423843.851655,351210,54946,1,BI,1,100,600
1734423844.491656,351850,55063,1,BI,1,100,640
1734423845.131657,352490,55162,1,BI,1,100,640
1734423845.731658,353090,55263,1,BI,1,100,600
1734423846.371659,353730,55372,1,BI,1,100,640
1734423846.984660,354343,55456,1,BI,1,100,600
1734423847.584661,354943,55556,1,BI,1,100,600
1734423848.184661,355543,55657,1,BI,1,100,600
1734423848.824662,356183,55758,1,BI,1,100,640
1734423849.464663,356823,55874,1,BI,1,100,640
1734423850.104664,357463,55975,1,BI,1,100,640
1734423850.797665,358156,56090,1,BI,1,100,680
1734423851.437666,358796,56191,1,BI,1,100,640
1734423852.077667,359436,56297,1,BI,1,100,640
1734423852.717668,360076,56396,1,BI,1,100,640
1734423853.357669,360716,56499,1,BI,1,100,640
1734423854.037670,361396,56615,1,BI,1,100,680
1734423854.690670,362049,56716,1,BI,1,100,640
1734423855.330672,362689,56831,1,BI,1,100,640
1734423856.010673,363369,56932,1,BI,1,100,680
1734423856.610673,363969,57030,1,BI,1,100,600
1734423857.290674,364649,57154,1,BI,1,100,680
1734423857.983675,365342,57271,1,BI,1,100,680
1734423858.663676,366022,57372,1,BI,1,100,680
1734423859.383677,366742,57488,1,BI,1,100,720
1734423860.063678,367422,57603,1,BI,1,100,680
1734423860.743679,368102,57721,1,BI,1,100,680
1734423861.436680,368795,57820,1,BI,1,100,680
1734423862.116681,369475,57939,1,BI,1,100,680
1734423862.796682,370155,58055,1,BI,1,100,680
1734423863.436683,370795,58158,1,BI,1,100,640
1734423864.076684,371435,58257,1,BI,1,100,640
1734423864.716685,372075,58358,1,BI,1,100,640
1734423865.369686,372728,58473,1,BI,1,100,640
1734423866.009687,373368,58574,1,BI,1,100,640
1734423866.649688,374008,58673,1,BI,1,100,640
1734423867.249688,374608,58780,1,BI,1,100,600
1734423867.889689,375248,58881,1,BI,1,100,640
1734423868.542690,375901,58999,1,BI,1,100,640
1734423869.142691,376501,59100,1,BI,1,100,600
1734423869.782692,377141,59199,1,BI,1,100,640
1734423870.382693,377741,59300,1,BI,1,100,600
1734423871.022694,378381,59401,1,BI,1,100,640
1734423871.702695,379061,59518,1,BI,1,100,680
1734423872.435696,379794,59639,1,BI,1,100,720
1734423873.115697,380474,59742,1,BI,1,100,680
1734423873.795698,381154,59857,1,BI,1,100,680
1734423874.435699,381794,59958,1,BI,1,100,640
1734423875.115700,382474,60074,1,BI,1,100,680
1734423875.768701,383127,60175,1,BI,1,100,640
1734423876.448702,383807,60290,1,BI,1,100,680
1734423877.048702,384407,60391,1,BI,1,100,600
1734423877.768703,385127,60514,1,BI,1,100,720
1734423878.408704,385767,60615,1,BI,1,100,640
1734423879.088705,386447,60732,1,BI,1,100,680
1734423879.741706,387100,60835,1,BI,1,100,640
1734423880.421707,387780,60951,1,BI,1,100,680
1734423881.061708,388420,61052,1,BI,1,100,640
1734423881.701709,389060,61152,1,BI,1,100,640
1734423882.341710,389700,61241,1,BI,1,100,640
1734423883.034711,390393,61363,1,BI,1,100,680
1734423883.674712,391033,61462,1,BI,1,100,640
1734423884.354713,391713,61580,1,BI,1,100,680
1734423884.994714,392353,61679,1,BI,1,100,640
1734423885.674715,393033,61794,1,BI,1,100,680
1734423886.354716,393713,61912,1,BI,1,100,680
1734423887.007717,394366,62011,1,BI,1,100,640
1734423887.687718,395046,62115,1,BI,1,100,680
1734423888.327718,395686,62234,1,BI,1,100,640
1734423889.007720,396366,62333,1,BI,1,100,680
1734423889.687720,397046,62451,1,BI,1,100,680
1734423890.420722,397779,62566,1,BI,1,100,720
1734423891.060722,398419,62682,1,BI,1,100,640
1734423891.700723,399059,62783,1,BI,1,100,640
1734423892.300724,399659,62882,1,BI,1,100,600
1734423892.940725,400299,62990,1,BI,1,100,640
1734423893.593726,400952,63090,1,BI,1,100,640
1734423894.233727,401592,63192,1,BI,1,100,640
1734423894.913728,402272,63308,1,BI,1,100,680
1734423895.633729,402992,63425,1,BI,1,100,720
1734423896.273730,403632,63525,1,BI,1,100,640
1734423896.953731,404312,63640,1,BI,1,100,680
1734423897.646732,405005,63762,1,BI,1,100,680
1734423898.326733,405685,63864,1,BI,1,100,680
1734423899.046734,406405,63981,1,BI,1,100,720
1734423899.686735,407045,64097,1,BI,1,100,640
1734423900.366736,407725,64198,1,BI,1,100,680
1734423901.059736,408418,64313,1,BI,1,100,680
1734423901.739738,409098,64429,1,BI,1,100,680
1734423902.419739,409778,64546,1,BI,1,100,680
1734423903.099740,410458,64654,1,BI,1,100,680
1734423903.779741,411138,64772,1,BI,1,100,680
1734423904.512742,411871,64887,1,BI,1,100,720
1734423905.152742,412511,64988,1,BI,1,100,640
1734423905.832743,413191,65104,1,BI,1,100,680
1734423906.472744,413831,65205,1,BI,1,100,640
1734423907.112745,414471,65304,1,BI,1,100,640
1734423907.725746,415084,65405,1,BI,1,100,600
1734423908.325747,415684,65513,1,BI,1,100,600
1734423908.925748,416284,78,1,BI,1,100,600
1734423909.445749,416804,161,1,BI,1,100,520
1734423910.045749,417404,261,1,BI,1,100,600
1734423910.645750,418004,361,1,BI,1,100,600
1734423911.298751,418657,462,1,BI,1,100,640
1734423911.978752,419337,580,1,BI,1,100,680
1734423912.658753,420017,695,1,BI,1,100,680
1734423913.338754,420697,803,1,BI,1,100,680
1734423914.058755,421417,919,1,BI,1,100,720
1734423914.737756,422096,1036,1,BI,1,100,680
1734423915.351757,422710,1135,1,BI,1,100,600
1734423915.991758,423350,1236,1,BI,1,100,640
1734423916.551759,423910,1320,1,BI,1,100,560
1734423917.151759,424510,1420,1,BI,1,100,600
1734423917.710760,425069,1520,1,BI,1,100,560
1734423918.524761,425883,1642,1,BI,1,100,800
1734423918.884762,426243,1709,1,BI,1,100,360
1734423920.004764,427363,1891,1,BI,1,100,1120
1734423920.604764,427963,1992,1,BI,1,100,600
1734423921.283765,428642,2107,1,BI,1,100,680
1734423921.803766,429162,2191,1,BI,1,100,520
1734423922.337767,429696,2275,1,BI,1,100,520
1734423922.897768,430256,2357,1,BI,1,100,560
1734423923.577769,430936,2481,1,BI,1,100,680
1734423924.177769,431536,2580,1,BI,1,100,600
1734423924.816770,432175,2681,1,BI,1,100,640
1734423925.510771,432869,2797,1,BI,1,100,680
1734423926.150772,433509,2898,1,BI,1,100,640
1734423926.750773,434109,2997,1,BI,1,100,600
1734423927.350774,434709,3098,1,BI,1,100,600
1734423927.950775,435309,3201,1,BI,1,100,600
1734423928.549776,435908,3305,1,BI,1,100,600
1734423929.163777,436522,3405,1,BI,1,100,600
1734423929.803777,437162,3506,1,BI,1,100,640
1734423930.403778,437762,3605,1,BI,1,100,600
1734423931.043779,438402,3706,1,BI,1,100,640
1734423931.763780,439122,3822,1,BI,1,100,720
1734423932.482781,439841,3937,1,BI,1,100,720
1734423933.016782,440375,4040,1,BI,1,100,520
1734423933.736783,441095,4161,1,BI,1,100,720
1734423934.375784,441734,4262,1,BI,1,100,640
1734423935.055785,442414,4377,1,BI,1,100,680
1734423935.735786,443094,4478,1,BI,1,100,680
1734423936.389787,443748,4594,1,BI,1,100,640
1734423937.029788,444388,4695,1,BI,1,100,640
1734423937.709789,445068,4810,1,BI,1,100,680
1734423938.348790,445707,4913,1,BI,1,100,640
1734423938.988791,446347,5017,1,BI,1,100,640
1734423939.682791,447041,5133,1,BI,1,100,680
1734423940.322793,447681,5250,1,BI,1,100,640
1734423941.002794,448361,5351,1,BI,1,100,680
1734423941.601794,448960,5451,1,BI,1,100,600
1734423942.282795,449641,5568,1,BI,1,100,680
1734423942.921796,450280,5670,1,BI,1,100,640
1734423943.575797,450934,5786,1,BI,1,100,640
1734423944.175798,451534,5875,1,BI,1,100,600
1734423944.774799,452133,5976,1,BI,1,100,600
1734423945.415800,452774,6093,1,BI,1,100,640
1734423946.014801,453373,6192,1,BI,1,100,600
1734423946.668802,454027,6293,1,BI,1,100,640
1734423947.348803,454707,6411,1,BI,1,100,680
1734423947.947803,455306,6514,1,BI,1,100,600
1734423948.587804,455946,6612,1,BI,1,100,640
1734423949.307805,456666,6721,1,BI,1,100,720
1734423949.907806,457266,6821,1,BI,1,100,600
1734423950.641807,458000,6940,1,BI,1,100,720
1734423951.240808,458599,7040,1,BI,1,100,600
1734423951.920809,459279,7158,1,BI,1,100,680
1734423952.520810,459879,7256,1,BI,1,100,600
1734423953.120811,460479,7343,1,BI,1,100,600
1734423953.893812,461252,7480,1,BI,1,100,760
1734423954.533813,461892,7564,1,BI,1,100,640
1734423955.054813,462413,7663,1,BI,1,100,520
1734423955.134814,462493,7665,1,BI,1,100,80
1734423955.694814,463053,7766,1,BI,1,100,560
1734423956.333815,463692,7865,1,BI,1,100,640
1734423956.973816,464332,7965,1,BI,1,100,640
1734423957.707817,465066,8098,1,BI,1,100,720
1734423958.466818,465825,8216,1,BI,1,100,760
1734423959.146819,466505,8322,1,BI,1,100,680
1734423959.866820,467225,8439,1,BI,1,100,720
1734423960.506821,467865,8555,1,BI,1,100,640
1734423961.240822,468599,8670,1,BI,1,100,720
1734423961.840823,469199,8771,1,BI,1,100,600
1734423962.519824,469878,8889,1,BI,1,100,680
1734423963.159825,470518,8994,1,BI,1,100,640
1734423963.919826,471278,9109,1,BI,1,100,760
1734423964.453827,471812,9199,1,BI,1,100,520
1734423965.092828,472451,9316,1,BI,1,100,640
1734423965.853829,473212,9432,1,BI,1,100,760
1734423966.532830,473891,9547,1,BI,1,100,680
1734423967.172831,474531,9648,1,BI,1,100,640
1734423967.572831,474931,9715,1,BI,1,100,400
1734423968.226832,475585,9816,1,BI,1,100,640
1734423968.825833,476184,9917,1,BI,1,100,600
1734423969.505834,476864,10042,1,BI,1,100,680
1734423970.145835,477504,10141,1,BI,1,100,640
1734423970.825836,478184,10257,1,BI,1,100,680
1734423971.598837,478957,10374,1,BI,1,100,760
1734423972.278838,479637,10490,1,BI,1,100,680
1734423972.958839,480317,10609,1,BI,1,100,680
1734423973.638840,480997,10709,1,BI,1,100,680
1734423974.278841,481637,10824,1,BI,1,100,640
1734423974.932842,482291,10928,1,BI,1,100,640
1734423975.611843,482970,11028,1,BI,1,100,680
1734423976.171844,483530,11127,1,BI,1,100,560
1734423976.771844,484130,11228,1,BI,1,100,600
1734423977.411845,484770,11329,1,BI,1,100,640
1734423978.011846,485370,11430,1,BI,1,100,600
1734423978.744847,486103,11546,1,BI,1,100,720
1734423979.264848,486623,11629,1,BI,1,100,520
1734423979.864849,487223,11735,1,BI,1,100,600
1734423980.464850,487823,11836,1,BI,1,100,600
1734423981.064851,488423,11935,1,BI,1,100,600
1734423981.624851,488983,12020,1,BI,1,100,560
1734423982.318852,489677,12137,1,BI,1,100,680
1734423982.837853,490196,12221,1,BI,1,100,520
1734423983.477854,490836,12324,1,BI,1,100,640
1734423984.077855,491436,12425,1,BI,1,100,600
1734423984.717856,492076,12531,1,BI,1,100,640
1734423985.317857,492676,12634,1,BI,1,100,600
1734423986.130858,493489,12766,1,BI,1,100,800
1734423986.650858,494009,12850,1,BI,1,100,520
1734423987.250859,494609,12948,1,BI,1,100,600
1734423987.850860,495209,13049,1,BI,1,100,600
1734423988.570861,495929,13167,1,BI,1,100,720
1734423989.223862,496582,13268,1,BI,1,100,640
1734423989.823863,497182,13371,1,BI,1,100,600
1734423990.383864,497742,13455,1,BI,1,100,560
1734423991.063865,498422,13571,1,BI,1,100,680
1734423991.663866,499022,13672,1,BI,1,100,600
1734423992.343867,499702,13787,1,BI,1,100,680
1734423992.916867,500275,13871,1,BI,1,100,560
1734423993.636868,500995,13988,1,BI,1,100,720
1734423994.276869,501635,14105,1,BI,1,100,640
1734423995.076870,502435,14226,1,BI,1,100,800
1734423995.636871,502995,14327,1,BI,1,100,560
1734423996.330872,503689,14443,1,BI,1,100,680
1734423997.009873,504368,14542,1,BI,1,100,680
1734423997.689874,505048,14659,1,BI,1,100,680
1734423998.329875,505688,14760,1,BI,1,100,640
1734423998.969876,506328,14878,1,BI,1,100,640
1734423999.702877,507061,14993,1,BI,1,100,720
1734424000.422878,507781,15116,1,BI,1,100,720
1734424001.062879,508421,15217,1,BI,1,100,640
1734424001.702880,509061,15317,1,BI,1,100,640
1734424002.342881,509701,15433,1,BI,1,100,640
1734424003.022882,510381,15534,1,BI,1,100,680
1734424003.675883,511034,15652,1,BI,1,100,640
1734424004.355884,511714,15767,1,BI,1,100,680
1734424004.955884,512314,15851,1,BI,1,100,600
1734424005.595885,512954,15972,1,BI,1,100,640
1734424006.315886,513674,16090,1,BI,1,100,720
1734424006.928887,514287,16189,1,BI,1,100,600
1734424007.568888,514927,16289,1,BI,1,100,640
1734424008.208889,515567,16390,1,BI,1,100,640
1734424008.848890,516207,16507,1,BI,1,100,640
1734424009.528891,516887,16623,1,BI,1,100,680
1734424010.221892,517580,16730,1,BI,1,100,680
1734424010.941893,518300,16847,1,BI,1,100,720
1734424011.581894,518940,16947,1,BI,1,100,640
1734424012.421895,519780,17080,1,BI,1,100,840
1734424012.981896,520340,17183,1,BI,1,100,560
1734424013.621897,520980,17282,1,BI,1,100,640
1734424014.274898,521633,17397,1,BI,1,100,640
1734424014.754898,522113,17466,1,BI,1,100,480
1734424015.594900,522953,17603,1,BI,1,100,840
1734424016.074900,523433,17688,1,BI,1,100,480
1734424016.874902,524233,17820,1,BI,1,100,800
1734424017.527902,524886,17919,1,BI,1,100,640
1734424018.167903,525526,18037,1,BI,1,100,640
1734424018.967904,526326,18171,1,BI,1,100,800
1734424019.727906,527086,18287,1,BI,1,100,760
1734424020.487906,527846,18424,1,BI,1,100,760
1734424021.260908,528619,18542,1,BI,1,100,760
1734424022.020909,529379,18658,1,BI,1,100,760
1734424022.740910,530099,18774,1,BI,1,100,720
1734424023.380911,530739,18893,1,BI,1,100,640
1734424024.100912,531459,19008,1,BI,1,100,720
1734424024.993913,532352,19141,1,BI,1,100,880
1734424025.553914,532912,19244,1,BI,1,100,560
1734424026.193915,533552,19345,1,BI,1,100,640
1734424026.753916,534112,19430,1,BI,1,100,560
1734424027.433916,534792,19545,1,BI,1,100,680
1734424028.246917,535605,19679,1,BI,1,100,800
1734424028.806918,536165,19764,1,BI,1,100,560
1734424029.486919,536845,19879,1,BI,1,100,680
1734424030.166920,537525,19995,1,BI,1,100,680
1734424030.806921,538165,20101,1,BI,1,100,640
1734424031.539922,538898,20219,1,BI,1,100,720
1734424032.219923,539578,20335,1,BI,1,100,680
1734424032.859924,540218,20435,1,BI,1,100,640
1734424033.619925,540978,20553,1,BI,1,100,760
1734424034.219926,541578,20654,1,BI,1,100,600
1734424034.859927,542218,20753,1,BI,1,100,640
1734424035.512928,542871,20870,1,BI,1,100,640
1734424036.272929,543631,20993,1,BI,1,100,760
1734424036.832930,544191,21092,1,BI,1,100,560
1734424037.432931,544791,21193,1,BI,1,100,600
1734424038.112932,545471,21310,1,BI,1,100,680
1734424038.765933,546124,21411,1,BI,1,100,640
1734424039.485934,546844,21527,1,BI,1,100,720
1734424040.125935,547484,21628,1,BI,1,100,640
1734424040.805935,548164,21743,1,BI,1,100,680
1734424041.485936,548844,21848,1,BI,1,100,680
1734424042.178937,549537,21965,1,BI,1,100,680
1734424042.858938,550217,22083,1,BI,1,100,680
1734424043.578939,550937,22199,1,BI,1,100,720
1734424044.298940,551657,22316,1,BI,1,100,720
1734424044.898941,552257,22416,1,BI,1,100,600
1734424045.791943,553150,22548,1,BI,1,100,880
1734424046.271943,553630,22638,1,BI,1,100,480
1734424047.071944,554430,22771,1,BI,1,100,800
1734424047.671945,555030,22872,1,BI,1,100,600
1734424048.311946,555670,22973,1,BI,1,100,640
1734424048.991947,556350,23091,1,BI,1,100,680
1734424049.604948,556963,23190,1,BI,1,100,600
1734424050.284949,557643,23306,1,BI,1,100,680
1734424051.004950,558363,23423,1,BI,1,100,720
1734424051.524951,558883,23511,1,BI,1,100,520
1734424052.164952,559523,23612,1,BI,1,100,640
1734424052.817953,560176,23729,1,BI,1,100,640
1734424053.497954,560856,23831,1,BI,1,100,680
1734424054.177954,561536,23946,1,BI,1,100,680
1734424054.897955,562256,24066,1,BI,1,100,720
1734424055.537956,562896,24167,1,BI,1,100,640
1734424056.230958,563589,24288,1,BI,1,100,680
1734424056.990958,564349,24404,1,BI,1,100,760
1734424057.630960,564989,24523,1,BI,1,100,640
1734424058.190960,565549,24609,1,BI,1,100,560
1734424058.870961,566229,24724,1,BI,1,100,680
1734424059.683962,567042,24857,1,BI,1,100,800
1734424060.163963,567522,24924,1,BI,1,100,480
1734424060.883964,568242,25057,1,BI,1,100,720
1734424061.763965,569122,25194,1,BI,1,100,880
1734424062.403966,569762,25311,1,BI,1,100,640
1734424063.123967,570482,25429,1,BI,1,100,720
1734424063.816968,571175,25528,1,BI,1,100,680
1734424064.616969,571975,25661,1,BI,1,100,800
1734424065.376971,572735,25795,1,BI,1,100,760
1734424066.096972,573455,25911,1,BI,1,100,720
1734424066.869972,574228,26048,1,BI,1,100,760
1734424067.629974,574988,26164,1,BI,1,100,760
1734424068.429975,575788,26298,1,BI,1,100,800
1734424068.989976,576348,26383,1,BI,1,100,560
1734424069.749977,577108,26515,1,BI,1,100,760
1734424070.442978,577801,26632,1,BI,1,100,680
1734424071.082978,578441,26731,1,BI,1,100,640
1734424071.722980,579081,26837,1,BI,1,100,640
1734424072.402980,579761,26955,1,BI,1,100,680
1734424073.162982,580521,27089,1,BI,1,100,760
1734424073.935983,581294,27207,1,BI,1,100,760
1734424074.735984,582094,27339,1,BI,1,100,800
1734424075.615985,582974,27488,1,BI,1,100,880
1734424076.375986,583734,27604,1,BI,1,100,760
1734424076.935987,584294,27690,1,BI,1,100,560
1734424077.628988,584987,27808,1,BI,1,100,680
1734424078.428989,585787,27925,1,BI,1,100,800
1734424078.988990,586347,28026,1,BI,1,100,560
1734424079.628991,586987,28125,1,BI,1,100,640
1734424080.308992,587667,28242,1,BI,1,100,680
1734424081.001993,588360,28358,1,BI,1,100,680
1734424081.641994,589000,28457,1,BI,1,100,640
1734424082.321995,589680,28582,1,BI,1,100,680
1734424083.041996,590400,28701,1,BI,1,100,720
1734424083.721997,591080,28817,1,BI,1,100,680
1734424084.534998,591893,28949,1,BI,1,100,800
1734424085.094999,592453,29033,1,BI,1,100,560
1734424085.734999,593093,29134,1,BI,1,100,640
1734424086.335000,593693,29235,1,BI,1,100,600
1734424086.975001,594333,29358,1,BI,1,100,640
1734424087.614002,594972,29457,1,BI,1,100,640
1734424088.268003,595626,29561,1,BI,1,100,640
1734424088.908004,596266,29677,1,BI,1,100,640
1734424089.508005,596866,29780,1,BI,1,100,600
1734424090.108006,597466,29864,1,BI,1,100,600
1734424090.708006,598066,29965,1,BI,1,100,600
1734424091.348007,598706,30064,1,BI,1,100,640
1734424091.961008,599319,30170,1,BI,1,100,600
1734424092.561009,599919,30254,1,BI,1,100,600
1734424093.281010,600639,30374,1,BI,1,100,720
1734424093.801011,601159,30456,1,BI,1,100,520
1734424094.401012,601759,30557,1,BI,1,100,600
1734424095.080013,602438,30672,1,BI,1,100,680
1734424095.774014,603132,30790,1,BI,1,100,680
1734424096.414015,603772,30890,1,BI,1,100,640
1734424097.134016,604492,31011,1,BI,1,100,720
1734424097.853017,605211,31127,1,BI,1,100,720
1734424098.573018,605931,31247,1,BI,1,100,720
1734424099.267019,606625,31365,1,BI,1,100,680
1734424099.987020,607345,31482,1,BI,1,100,720
1734424100.906021,608264,31616,1,BI,1,100,920
1734424101.507022,608865,31715,1,BI,1,100,600
1734424102.186023,609544,31832,1,BI,1,100,680
1734424102.920024,610278,31955,1,BI,1,100,720
1734424103.600025,610958,32072,1,BI,1,100,680
1734424104.120026,611478,32155,1,BI,1,100,520
1734424104.960027,612318,32288,1,BI,1,100,840
1734424105.639028,612997,32375,1,BI,1,100,680
1734424106.333029,613691,32476,1,BI,1,100,680
1734424106.973030,614331,32575,1,BI,1,100,640
1734424107.773031,615131,32711,1,BI,1,100,800
1734424108.373032,615731,32814,1,BI,1,100,600
1734424109.053033,616411,32930,1,BI,1,100,680
1734424109.706033,617064,33031,1,BI,1,100,640
1734424110.306034,617664,33131,1,BI,1,100,600
1734424110.866035,618224,33213,1,BI,1,100,560
1734424111.545036,618903,33331,1,BI,1,100,680
1734424112.265037,619623,33448,1,BI,1,100,720
1734424112.866038,620224,33536,1,BI,1,100,600
1734424113.639039,620997,33673,1,BI,1,100,760
1734424114.399040,621757,33789,1,BI,1,100,760
1734424115.118041,622476,33904,1,BI,1,100,720
1734424115.798042,623156,34022,1,BI,1,100,680
1734424116.438043,623796,34121,1,BI,1,100,640
1734424117.092044,624450,34238,1,BI,1,100,640
1734424117.852045,625210,34362,1,BI,1,100,760
1734424118.492046,625850,34463,1,BI,1,100,640
1734424119.092047,626450,34562,1,BI,1,100,600
1734424119.691048,627049,34663,1,BI,1,100,600
1734424120.345049,627703,34764,1,BI,1,100,640
1734424121.025050,628383,34879,1,BI,1,100,680
1734424121.624050,628982,34978,1,BI,1,100,600
1734424122.344052,629702,35096,1,BI,1,100,720
1734424123.064053,630422,35219,1,BI,1,100,720
1734424123.664053,631022,35303,1,BI,1,100,600
1734424124.357054,631715,35420,1,BI,1,100,680
1734424125.037055,632395,35536,1,BI,1,100,680
1734424125.838057,633196,35653,1,BI,1,100,800
1734424126.557058,633915,35771,1,BI,1,100,720
1734424127.037058,634395,35855,1,BI,1,100,480
1734424127.651059,635009,35956,1,BI,1,100,600
1734424128.531060,635889,36098,1,BI,1,100,880
1734424129.091061,636449,36201,1,BI,1,100,560
1734424129.770062,637128,36300,1,BI,1,100,680
1734424130.370063,637728,36401,1,BI,1,100,600
1734424131.104064,638462,36516,1,BI,1,100,720
1734424131.783065,639141,36632,1,BI,1,100,680
1734424132.383066,639741,36733,1,BI,1,100,600
1734424133.063067,640421,36843,1,BI,1,100,680
1734424133.743068,641101,36958,1,BI,1,100,680
1734424134.317069,641675,37059,1,BI,1,100,560
1734424134.956069,642314,37158,1,BI,1,100,640
1734424135.596070,642954,37262,1,BI,1,100,640
1734424136.196071,643554,37362,1,BI,1,100,600
1734424136.836072,644194,37479,1,BI,1,100,640
1734424137.556073,644914,37595,1,BI,1,100,720
1734424138.209074,645567,37705,1,BI,1,100,640
1734424138.769075,646127,37789,1,BI,1,100,560
1734424139.369076,646727,37888,1,BI,1,100,600
1734424139.929076,647287,37989,1,BI,1,100,560
1734424140.529077,647887,38088,1,BI,1,100,600
1734424141.209078,648567,38188,1,BI,1,100,680
1734424141.942079,649300,38303,1,BI,1,100,720
1734424142.582080,649940,38422,1,BI,1,100,640
1734424143.222081,650580,38527,1,BI,1,100,640
1734424143.902082,651260,38628,1,BI,1,100,680
1734424144.502083,651860,38729,1,BI,1,100,600
1734424145.116084,652474,38828,1,BI,1,100,600
1734424145.715085,653073,38929,1,BI,1,100,600
1734424146.555086,653913,39078,1,BI,1,100,840
1734424147.195087,654553,39176,1,BI,1,100,640
1734424147.835088,655193,39279,1,BI,1,100,640
1734424148.555089,655913,39402,1,BI,1,100,720
1734424150.088091,657446,39650,1,BI,1,100,1520
1734424150.728092,658086,39749,1,BI,1,100,640
1734424151.408093,658766,39867,1,BI,1,100,680
1734424152.342094,659700,40016,1,BI,1,100,920
1734424153.022095,660380,40134,1,BI,1,100,680
1734424153.581096,660939,40223,1,BI,1,100,560
1734424154.261097,661619,40339,1,BI,1,100,680
1734424154.861098,662219,40439,1,BI,1,100,600
1734424155.541099,662899,40539,1,BI,1,100,680
1734424156.234100,663592,40655,1,BI,1,100,680
1734424156.914101,664272,40772,1,BI,1,100,680
1734424157.594102,664952,40888,1,BI,1,100,680
1734424158.154103,665512,40973,1,BI,1,100,560
1734424159.034104,666392,41113,1,BI,1,100,880
1734424159.487104,666845,41196,1,BI,1,100,440
1734424160.207105,667565,41295,1,BI,1,100,720
1734424160.847106,668205,41413,1,BI,1,100,640
1734424161.487107,668845,41512,1,BI,1,100,640
1734424162.167108,669525,41631,1,BI,1,100,680
1734424162.820109,670178,41730,1,BI,1,100,640
1734424163.500110,670858,41848,1,BI,1,100,680
1734424164.100111,671458,41936,1,BI,1,100,600
1734424164.740112,672098,42037,1,BI,1,100,640
1734424165.580113,672938,42169,1,BI,1,100,840
1734424166.060114,673418,42252,1,BI,1,100,480
1734424166.753115,674111,42369,1,BI,1,100,680
1734424167.393116,674751,42468,1,BI,1,100,640
1734424168.073117,675431,42587,1,BI,1,100,680
1734424168.713118,676071,42686,1,BI,1,100,640
1734424169.433119,676791,42811,1,BI,1,100,720
1734424170.166120,677524,42926,1,BI,1,100,720
1734424170.886121,678244,43044,1,BI,1,100,720
1734424171.606122,678964,43159,1,BI,1,100,720
1734424172.406123,679764,43292,1,BI,1,100,800
1734424173.006124,680364,43395,1,BI,1,100,600
1734424173.899125,681257,43550,1,BI,1,100,880
1734424174.419126,681777,43617,1,BI,1,100,520
1734424175.059127,682417,43732,1,BI,1,100,640
1734424175.699127,683057,43833,1,BI,1,100,640
1734424176.419128,683777,43949,1,BI,1,100,720
1734424177.112129,684470,44066,1,BI,1,100,680
1734424177.832130,685190,44182,1,BI,1,100,720
1734424178.512131,685870,44299,1,BI,1,100,680
1734424179.152132,686510,44405,1,BI,1,100,640
1734424179.792133,687150,44506,1,BI,1,100,640
1734424180.432134,687790,44605,1,BI,1,100,640
1734424181.085135,688443,44723,1,BI,1,100,640
1734424181.765136,689123,44822,1,BI,1,100,680
1734424182.405137,689763,44938,1,BI,1,100,640
1734424183.045138,690403,45040,1,BI,1,100,640
1734424183.645139,691003,45141,1,BI,1,100,600
1734424184.298140,691656,45243,1,BI,1,100,640
1734424184.938141,692296,45343,1,BI,1,100,640
1734424185.538141,692896,45443,1,BI,1,100,600
1734424186.178142,693536,45559,1,BI,1,100,640
1734424186.818143,694176,45659,1,BI,1,100,640
1734424187.418144,694776,45759,1,BI,1,100,600
1734424188.071145,695429,45862,1,BI,1,100,640
1734424188.711146,696069,45961,1,BI,1,100,640
1734424189.311147,696669,46069,1,BI,1,100,600
1734424189.951148,697309,46170,1,BI,1,100,640
1734424190.591149,697949,46268,1,BI,1,100,640
1734424191.231150,698589,46386,1,BI,1,100,640
1734424191.924150,699282,46484,1,BI,1,100,680
1734424192.564152,699922,46603,1,BI,1,100,640
1734424193.204152,700562,46703,1,BI,1,100,640
1734424193.844153,701202,46804,1,BI,1,100,640
1734424194.444154,701802,46908,1,BI,1,100,600
1734424195.057155,702415,46992,1,BI,1,100,600
1734424195.817156,703175,47124,1,BI,1,100,760
1734424196.417157,703775,47225,1,BI,1,100,600
1734424197.057158,704415,47324,1,BI,1,100,640
1734424197.777159,705135,47442,1,BI,1,100,720
1734424198.630160,705988,47577,1,BI,1,100,840
1734424199.350161,706708,47692,1,BI,1,100,720
1734424200.070162,707428,47814,1,BI,1,100,720
1734424200.910163,708268,47946,1,BI,1,100,840
1734424201.550164,708908,48047,1,BI,1,100,640
1734424202.070165,709428,48146,1,BI,1,100,520
1734424202.723166,710081,48247,1,BI,1,100,640
1734424203.323167,710681,48348,1,BI,1,100,600
1734424203.923168,711281,48449,1,BI,1,100,600
1734424204.523169,711881,48547,1,BI,1,100,600
1734424205.243170,712601,48653,1,BI,1,100,720
1734424206.096171,713454,48803,1,BI,1,100,840
1734424206.816172,714174,48918,1,BI,1,100,720
1734424207.696173,715054,49068,1,BI,1,100,880
1734424208.536174,715894,49202,1,BI,1,100,840
1734424209.376175,716734,49335,1,BI,1,100,840
1734424210.309177,717667,49488,1,BI,1,100,920
1734424210.949178,718307,49587,1,BI,1,100,640
1734424211.629179,718987,49705,1,BI,1,100,680
1734424212.269180,719627,49804,1,BI,1,100,640
1734424212.909180,720267,49904,1,BI,1,100,640
1734424213.562181,720920,50021,1,BI,1,100,640
1734424214.202182,721560,50122,1,BI,1,100,640
1734424214.842183,722200,50221,1,BI,1,100,640
1734424215.522184,722880,50344,1,BI,1,100,680
1734424216.122185,723480,50443,1,BI,1,100,600
1734424216.735186,724093,50544,1,BI,1,100,600
1734424217.335187,724693,50645,1,BI,1,100,600
1734424218.095188,725453,50762,1,BI,1,100,760
1734424218.535188,725893,50829,1,BI,1,100,440
1734424219.215189,726573,50945,1,BI,1,100,680
1734424219.735190,727093,51031,1,BI,1,100,520
1734424220.468191,727826,51157,1,BI,1,100,720
1734424221.228192,728586,51272,1,BI,1,100,760
1734424221.868193,729226,51388,1,BI,1,100,640
1734424222.628194,729986,51506,1,BI,1,100,760
1734424223.308195,730666,51624,1,BI,1,100,680
1734424224.161196,731519,51756,1,BI,1,100,840
1734424224.841197,732199,51873,1,BI,1,100,680
1734424225.481198,732839,51977,1,BI,1,100,640
1734424226.121199,733479,52078,1,BI,1,100,640
1734424226.881200,734239,52211,1,BI,1,100,760
1734424227.441201,734799,52295,1,BI,1,100,560
1734424227.934202,735292,52381,1,BI,1,100,480
1734424228.494203,735852,52479,1,BI,1,100,560
1734424229.214204,736572,52580,1,BI,1,100,720
1734424229.774204,737132,52681,1,BI,1,100,560
1734424230.894206,738252,52852,1,BI,1,100,1120
1734424231.827207,739185,53000,1,BI,1,100,920
1734424232.467208,739825,53100,1,BI,1,100,640
1734424233.227209,740585,53236,1,BI,1,100,760
1734424233.507210,740865,53286,1,BI,1,100,280
1734424234.107211,741465,53385,1,BI,1,100,600
1734424234.706211,742064,53469,1,BI,1,100,600
1734424235.440212,742798,53594,1,BI,1,100,720
1734424236.080213,743438,53694,1,BI,1,100,640
1734424236.760214,744118,53810,1,BI,1,100,680
1734424237.480215,744838,53926,1,BI,1,100,720
1734424238.159216,745517,54043,1,BI,1,100,680
1734424238.973217,746331,54178,1,BI,1,100,800
1734424239.653219,747011,54294,1,BI,1,100,680
1734424240.413219,747771,54409,1,BI,1,100,760
1734424241.172221,748530,54532,1,BI,1,100,760
1734424241.932222,749290,54665,1,BI,1,100,760
1734424242.906223,750264,54815,1,BI,1,100,960
1734424243.626224,750984,54932,1,BI,1,100,720
1734424244.426225,751784,55064,1,BI,1,100,800
1734424245.146226,752504,55181,1,BI,1,100,720
1734424245.919227,753277,55318,1,BI,1,100,760
1734424246.639228,753997,55434,1,BI,1,100,720
1734424246.719229,754077,55436,1,BI,1,100,80
1734424247.319229,754677,55537,1,BI,1,100,600
1734424248.038230,755396,55654,1,BI,1,100,720
1734424248.798232,756156,55786,1,BI,1,100,760
1734424249.452232,756810,55887,1,BI,1,100,640
1734424250.292234,757650,56037,1,BI,1,100,840
1734424251.052235,758410,56157,1,BI,1,100,760
1734424251.851236,759209,56289,1,BI,1,100,800
1734424252.651237,760009,56423,1,BI,1,100,800
1734424253.505238,760863,56558,1,BI,1,100,840
1734424254.185239,761543,56674,1,BI,1,100,680
1734424254.865240,762223,56774,1,BI,1,100,680
1734424255.584241,762942,56890,1,BI,1,100,720
1734424256.144242,763502,56980,1,BI,1,100,560
1734424256.798243,764156,57095,1,BI,1,100,640
1734424257.358244,764716,57180,1,BI,1,100,560
1734424258.118245,765476,57314,1,BI,1,100,760
1734424258.917246,766275,57447,1,BI,1,100,800
1734424259.637247,766995,57566,1,BI,1,100,720
1734424260.371248,767729,57682,1,BI,1,100,720
1734424261.050249,768408,57789,1,BI,1,100,680
1734424261.810250,769168,57921,1,BI,1,100,760
1734424262.570251,769928,58036,1,BI,1,100,760
1734424263.250252,770608,58157,1,BI,1,100,680
1734424264.024253,771382,58272,1,BI,1,100,760
1734424264.663254,772021,58371,1,BI,1,100,640
1734424265.464255,772822,58503,1,BI,1,100,800
1734424266.023256,773381,58609,1,BI,1,100,560
1734424266.703257,774061,58694,1,BI,1,100,680
1734424267.437258,774795,58826,1,BI,1,100,720
1734424268.117259,775475,58929,1,BI,1,100,680
1734424268.877260,776235,59045,1,BI,1,100,760
1734424269.476261,776834,59145,1,BI,1,100,600
1734424270.116262,777474,59261,1,BI,1,100,640
1734424270.796263,778154,59362,1,BI,1,100,680
1734424271.490264,778848,59468,1,BI,1,100,680
1734424272.169265,779527,59583,1,BI,1,100,680
1734424272.849266,780207,59705,1,BI,1,100,680
1734424273.529267,780887,59804,1,BI,1,100,680
1734424274.209268,781567,59921,1,BI,1,100,680
1734424274.942269,782300,60038,1,BI,1,100,720
1734424275.622270,782980,60155,1,BI,1,100,680
1734424276.302271,783660,60260,1,BI,1,100,680
1734424276.902272,784260,60343,1,BI,1,100,600
1734424277.582273,784940,60460,1,BI,1,100,680
1734424278.195273,785553,60562,1,BI,1,100,600
1734424278.875274,786233,60678,1,BI,1,100,680
1734424279.635275,786993,60779,1,BI,1,100,760
1734424280.275276,787633,60850,1,BI,1,100,640
1734424280.835277,788193,60950,1,BI,1,100,560
1734424281.635278,788993,61073,1,BI,1,100,800
1734424282.249279,789607,61172,1,BI,1,100,600
1734424283.009280,790367,61292,1,BI,1,100,760
1734424283.848281,791206,61438,1,BI,1,100,840
1734424284.488282,791846,61539,1,BI,1,100,640
1734424285.168283,792526,61655,1,BI,1,100,680
1734424285.901284,793259,61773,1,BI,1,100,720
1734424286.541285,793899,61876,1,BI,1,100,640
1734424287.301286,794659,61995,1,BI,1,100,760
1734424287.981287,795339,62112,1,BI,1,100,680
1734424288.621288,795979,62213,1,BI,1,100,640
1734424289.354289,796712,62329,1,BI,1,100,720
1734424290.034290,797392,62445,1,BI,1,100,680
1734424290.674291,798032,62545,1,BI,1,100,640
1734424291.354292,798712,62661,1,BI,1,100,680
1734424291.994293,799352,62767,1,BI,1,100,640
1734424292.768294,800126,62899,1,BI,1,100,760
1734424293.487295,800845,63019,1,BI,1,100,720
1734424294.167296,801525,63118,1,BI,1,100,680
1734424294.967297,802325,63251,1,BI,1,100,800
1734424295.687298,803045,63368,1,BI,1,100,720
1734424296.420299,803778,63484,1,BI,1,100,720
1734424297.100300,804458,63606,1,BI,1,100,680
1734424297.740301,805098,63707,1,BI,1,100,640
1734424298.460302,805818,63827,1,BI,1,100,720
1734424299.140303,806498,63942,1,BI,1,100,680
1734424299.793304,807151,64043,1,BI,1,100,640
1734424300.473305,807831,64159,1,BI,1,100,680
1734424301.113306,808471,64260,1,BI,1,100,640
1734424301.833307,809191,64381,1,BI,1,100,720
1734424302.553308,809911,64480,1,BI,1,100,720
1734424303.206309,810564,64585,1,BI,1,100,640
1734424303.966310,811324,64718,1,BI,1,100,760
1734424304.646311,812004,64833,1,BI,1,100,680
1734424305.326312,812684,64934,1,BI,1,100,680
1734424306.046313,813404,65050,1,BI,1,100,720
1734424306.739314,814097,65167,1,BI,1,100,680
1734424307.339315,814697,65272,1,BI,1,100,600
1734424307.979316,815337,65374,1,BI,1,100,640
1734424308.659317,816017,65490,1,BI,1,100,680
1734424309.339318,816697,55,1,BI,1,100,680
1734424310.152319,817510,187,1,BI,1,100,800
1734424310.992320,818350,336,1,BI,1,100,840
1734424311.712321,819070,452,1,BI,1,100,720
1734424312.432322,819790,578,1,BI,1,100,720
1734424313.192323,820550,698,1,BI,1,100,760
1734424313.885324,821243,813,1,BI,1,100,680
1734424314.645325,822003,948,1,BI,1,100,760
1734424315.325326,822683,1049,1,BI,1,100,680
1734424315.845327,823203,1148,1,BI,1,100,520
1734424316.565328,823923,1268,1,BI,1,100,720
1734424317.338329,824696,1388,1,BI,1,100,760
1734424318.058330,825416,1506,1,BI,1,100,720
1734424318.778331,826136,1623,1,BI,1,100,720
1734424319.538332,826896,1755,1,BI,1,100,760
1734424319.738333,827096,1789,1,BI,1,100,200
1734424320.418334,827776,1907,1,BI,1,100,680
1734424321.191334,828549,2022,1,BI,1,100,760
1734424321.871336,829229,2138,1,BI,1,100,680
1734424322.631336,829989,2261,1,BI,1,100,760
1734424323.431338,830789,2395,1,BI,1,100,800
1734424324.111339,831469,2511,1,BI,1,100,680
1734424324.804340,832162,2628,1,BI,1,100,680
1734424325.644341,833002,2761,1,BI,1,100,840
1734424326.284342,833642,2860,1,BI,1,100,640
1734424327.084343,834442,2992,1,BI,1,100,800
1734424327.964344,835322,3149,1,BI,1,100,880
1734424328.777345,836135,3281,1,BI,1,100,800
1734424329.577347,836935,3414,1,BI,1,100,800
1734424330.337348,837695,3531,1,BI,1,100,760
1734424331.097349,838455,3663,1,BI,1,100,760
1734424332.110350,839468,3827,1,BI,1,100,1000
1734424332.990351,840348,3969,1,BI,1,100,880
1734424333.790352,841148,4101,1,BI,1,100,800
1734424334.710354,842068,4251,1,BI,1,100,920
1734424335.483355,842841,4366,1,BI,1,100,760
1734424336.163356,843521,4482,1,BI,1,100,680
1734424336.923357,844281,4615,1,BI,1,100,760
1734424337.603358,844961,4716,1,BI,1,100,680
1734424338.643359,846001,4903,1,BI,1,100,1040
1734424339.296360,846654,5006,1,BI,1,100,640
1734424340.136361,847494,5138,1,BI,1,100,840
1734424341.016363,848374,5288,1,BI,1,100,880
1734424341.896364,849254,5437,1,BI,1,100,880
1734424342.709365,850067,5575,1,BI,1,100,800
1734424343.709367,851067,5726,1,BI,1,100,1000
1734424344.269367,851627,5827,1,BI,1,100,560
1734424344.989368,852347,5943,1,BI,1,100,720
1734424345.749369,853107,6058,1,BI,1,100,760
1734424346.522371,853880,6191,1,BI,1,100,760
1734424347.242372,854600,6309,1,BI,1,100,720
1734424348.002373,855360,6431,1,BI,1,100,760
1734424348.922374,856280,6581,1,BI,1,100,920
1734424349.655375,857013,6696,1,BI,1,100,720
1734424350.495376,857853,6845,1,BI,1,100,840
1734424351.415378,858773,6994,1,BI,1,100,920
1734424352.175379,859533,7110,1,BI,1,100,760
1734424353.028380,860386,7252,1,BI,1,100,840
1734424353.868381,861226,7384,1,BI,1,100,840
1734424354.708382,862066,7534,1,BI,1,100,840
1734424355.628384,862986,7683,1,BI,1,100,920
1734424356.481385,863839,7815,1,BI,1,100,840
1734424357.441386,864799,7965,1,BI,1,100,960
1734424358.241387,865599,8104,1,BI,1,100,800
1734424359.081388,866439,8253,1,BI,1,100,840
1734424359.841389,867199,8369,1,BI,1,100,760
1734424360.574391,867932,8484,1,BI,1,100,720
1734424361.334392,868692,8617,1,BI,1,100,760
1734424361.934392,869292,8718,1,BI,1,100,600
1734424362.534393,869892,8819,1,BI,1,100,600
1734424363.214394,870572,8924,1,BI,1,100,680
1734424363.867395,871225,9043,1,BI,1,100,640
1734424364.587396,871945,9158,1,BI,1,100,720
1734424365.307397,872665,9276,1,BI,1,100,720
1734424366.147398,873505,9408,1,BI,1,100,840
1734424367.080400,874438,9557,1,BI,1,100,920
1734424367.920401,875278,9709,1,BI,1,100,840
1734424368.600402,875958,9815,1,BI,1,100,680
1734424369.280403,876638,9930,1,BI,1,100,680
1734424369.960404,877318,10046,1,BI,1,100,680
1734424370.693405,878051,10147,1,BI,1,100,720
1734424371.293406,878651,10248,1,BI,1,100,600
1734424371.973407,879331,10363,1,BI,1,100,680
1734424372.613408,879971,10464,1,BI,1,100,640
1734424373.213408,880571,10564,1,BI,1,100,600
1734424374.013410,881371,10702,1,BI,1,100,800
1734424374.506410,881864,10786,1,BI,1,100,480
1734424375.146411,882504,10887,1,BI,1,100,640
1734424375.746412,883104,10986,1,BI,1,100,600
1734424376.306413,883664,11087,1,BI,1,100,560
1734424376.946414,884304,11186,1,BI,1,100,640
1734424377.639415,884997,11303,1,BI,1,100,680
1734424378.279416,885637,11404,1,BI,1,100,640
1734424378.959417,886317,11527,1,BI,1,100,680
1734424379.559417,886917,11626,1,BI,1,100,600
1734424380.199419,887557,11726,1,BI,1,100,640
1734424380.919420,888277,11842,1,BI,1,100,720
1734424381.612421,888970,11958,1,BI,1,100,680
1734424382.252421,889610,12058,1,BI,1,100,640
1734424382.932422,890290,12176,1,BI,1,100,680
1734424383.572423,890930,12276,1,BI,1,100,640
1734424384.172424,891530,12382,1,BI,1,100,600
1734424384.785425,892143,12481,1,BI,1,100,600
1734424385.305426,892663,12566,1,BI,1,100,520
1734424385.905427,893263,12667,1,BI,1,100,600
1734424386.505427,893863,12765,1,BI,1,100,600
1734424387.785429,895143,12981,1,BI,1,100,1280
1734424388.398430,895756,13084,1,BI,1,100,600
1734424390.358433,897716,13405,1,BI,1,100,1960
1734424390.958434,898316,13506,1,BI,1,100,600
1734424391.558435,898916,13605,1,BI,1,100,600
1734424392.211436,899569,13705,1,BI,1,100,640
1734424392.851437,900209,13822,1,BI,1,100,640
1734424393.131437,900489,13860,1,BI,1,100,280
1734424393.611438,900969,13943,1,BI,1,100,480
1734424394.050438,901408,14016,1,BI,1,100,440
1734424394.690439,902048,14132,1,BI,1,100,640
1734424395.304440,902662,14231,1,BI,1,100,600
1734424395.944441,903302,14332,1,BI,1,100,640
1734424396.744442,904102,14464,1,BI,1,100,800
1734424397.184443,904542,14531,1,BI,1,100,440
1734424397.783443,905141,14632,1,BI,1,100,600
1734424398.343444,905701,14733,1,BI,1,100,560
1734424399.157445,906515,14856,1,BI,1,100,800
1734424399.757446,907115,14955,1,BI,1,100,600
1734424400.277447,907635,15039,1,BI,1,100,520
1734424400.357447,907715,15058,1,BI,1,100,80
1734424400.997448,908355,15173,1,BI,1,100,640
1734424401.437449,908795,15240,1,BI,1,100,440
1734424402.116450,909474,15358,1,BI,1,100,680
1734424403.330451,910688,15560,1,BI,1,100,1200
1734424403.930452,911288,15646,1,BI,1,100,600
1734424404.529453,911887,15734,1,BI,1,100,600
1734424405.129454,912487,15832,1,BI,1,100,600
1734424405.729455,913087,15917,1,BI,1,100,600
1734424406.343456,913701,16032,1,BI,1,100,600
1734424406.943457,914301,16117,1,BI,1,100,600
1734424407.542457,914900,16217,1,BI,1,100,600
1734424408.182458,915540,16334,1,BI,1,100,640
1734424408.742459,916100,16419,1,BI,1,100,560
1734424409.342460,916700,16525,1,BI,1,100,600
1734424409.916461,917274,16626,1,BI,1,100,560
1734424410.476462,917834,16709,1,BI,1,100,560
1734424411.076463,918434,16808,1,BI,1,100,600
1734424411.596463,918954,16895,1,BI,1,100,520
1734424412.115464,919473,16980,1,BI,1,100,520
1734424412.675465,920033,17080,1,BI,1,100,560
1734424413.235466,920593,17167,1,BI,1,100,560
1734424413.809466,921167,17268,1,BI,1,100,560
1734424414.569467,921927,17406,1,BI,1,100,760
1734424414.889468,922247,17456,1,BI,1,100,320
1734424415.448469,922806,17540,1,BI,1,100,560
1734424415.608469,922966,17576,1,BI,1,100,160
1734424416.088470,923446,17657,1,BI,1,100,480
1734424416.568470,923926,17724,1,BI,1,100,480
1734424417.302471,924660,17858,1,BI,1,100,720
1734424417.702472,925060,17925,1,BI,1,100,400
1734424418.261473,925619,18011,1,BI,1,100,560
1734424418.822474,926180,18111,1,BI,1,100,560
1734424419.382474,926740,18197,1,BI,1,100,560
1734424419.981475,927339,18302,1,BI,1,100,600
1734424420.595476,927953,18404,1,BI,1,100,600
1734424421.154477,928512,18488,1,BI,1,100,560
1734424421.714478,929072,18587,1,BI,1,100,560
1734424422.314478,929672,18688,1,BI,1,100,600
1734424422.874479,930232,18777,1,BI,1,100,560
1734424423.474480,930832,18876,1,BI,1,100,600
1734424424.088481,931446,18977,1,BI,1,100,600
1734424424.648482,932006,19067,1,BI,1,100,560
1734424425.208483,932566,19165,1,BI,1,100,560
1734424425.767483,933125,19266,1,BI,1,100,560
1734424426.327484,933685,19350,1,BI,1,100,560
1734424426.847485,934205,19434,1,BI,1,100,520
1734424427.407486,934765,19533,1,BI,1,100,560
1734424427.980486,935338,19619,1,BI,1,100,560
1734424428.540487,935898,19722,1,BI,1,100,560
1734424429.100488,936458,19804,1,BI,1,100,560
1734424429.660489,937018,19910,1,BI,1,100,560
1734424430.220490,937578,19995,1,BI,1,100,560
1734424430.740490,938098,20078,1,BI,1,100,520
1734424431.274491,938632,20165,1,BI,1,100,520
1734424431.874492,939232,20263,1,BI,1,100,600
1734424432.513493,939871,20364,1,BI,1,100,640
1734424433.113494,940471,20465,1,BI,1,100,600
1734424433.713495,941071,20566,1,BI,1,100,600
1734424434.313495,941671,20667,1,BI,1,100,600
1734424434.927496,942285,20771,1,BI,1,100,600
1734424435.566497,942924,20871,1,BI,1,100,640
1734424436.206498,943564,20987,1,BI,1,100,640
1734424436.806499,944164,21087,1,BI,1,100,600
1734424437.366500,944724,21172,1,BI,1,100,560
1734424437.926501,945284,21273,1,BI,1,100,560
1734424438.539501,945897,21374,1,BI,1,100,600
1734424439.139502,946497,21457,1,BI,1,100,600
1734424439.819503,947177,21572,1,BI,1,100,680
1734424440.260504,947618,21645,1,BI,1,100,440
1734424440.819505,948177,21729,1,BI,1,100,560
1734424441.419506,948777,21830,1,BI,1,100,600
1734424441.993506,949351,21929,1,BI,1,100,560
1734424442.672508,950030,22046,1,BI,1,100,680
1734424443.272508,950630,22147,1,BI,1,100,600
1734424443.872509,951230,22231,1,BI,1,100,600
1734424444.472510,951830,22332,1,BI,1,100,600
1734424445.032511,952390,22436,1,BI,1,100,560
1734424445.685512,953043,22537,1,BI,1,100,640
1734424446.325513,953683,22652,1,BI,1,100,640
1734424446.885513,954243,22736,1,BI,1,100,560
1734424447.445514,954803,22837,1,BI,1,100,560
1734424448.045515,955403,22940,1,BI,1,100,600
1734424448.805516,956163,23055,1,BI,1,100,760
1734424449.178517,956536,23122,1,BI,1,100,360
1734424449.898518,957256,23241,1,BI,1,100,720
1734424450.298518,957656,23295,1,BI,1,100,400
1734424450.898519,958256,23396,1,BI,1,100,600
1734424451.458520,958816,23479,1,BI,1,100,560
1734424452.138521,959496,23598,1,BI,1,100,680
1734424452.831522,960189,23716,1,BI,1,100,680
1734424453.511523,960869,23815,1,BI,1,100,680
1734424454.391524,961749,23965,1,BI,1,100,880
1734424454.871525,962229,24048,1,BI,1,100,480
1734424455.511526,962869,24154,1,BI,1,100,640
1734424456.151527,963509,24274,1,BI,1,100,640
1734424456.804528,964162,24376,1,BI,1,100,640
1734424457.524529,964882,24492,1,BI,1,100,720
1734424458.204530,965562,24611,1,BI,1,100,680
1734424458.844530,966202,24711,1,BI,1,100,640
1734424459.444531,966802,24810,1,BI,1,100,600
1734424460.057532,967415,24911,1,BI,1,100,600
1734424460.697533,968055,25016,1,BI,1,100,640
1734424461.297534,968655,25116,1,BI,1,100,600
1734424461.897535,969255,25217,1,BI,1,100,600
1734424462.537536,969895,25315,1,BI,1,100,640
1734424463.137537,970495,25418,1,BI,1,100,600
1734424463.790537,971148,25533,1,BI,1,100,640
1734424464.590539,971948,25666,1,BI,1,100,800
1734424465.190539,972548,25750,1,BI,1,100,600
1734424465.710540,973068,25839,1,BI,1,100,520
1734424466.390541,973748,25955,1,BI,1,100,680
1734424466.910542,974268,26039,1,BI,1,100,520
1734424467.643543,975001,26156,1,BI,1,100,720
1734424468.323544,975681,26274,1,BI,1,100,680
1734424469.003545,976361,26390,1,BI,1,100,680
1734424469.683546,977041,26491,1,BI,1,100,680
1734424470.483547,977841,26623,1,BI,1,100,800
1734424471.176548,978534,26727,1,BI,1,100,680
1734424471.856549,979214,26846,1,BI,1,100,680
1734424472.536550,979894,26944,1,BI,1,100,680
1734424473.216551,980574,27061,1,BI,1,100,680
1734424473.816552,981174,27162,1,BI,1,100,600
1734424474.496553,981854,27263,1,BI,1,100,680
1734424475.149554,982507,27381,1,BI,1,100,640
1734424475.789555,983147,27489,1,BI,1,100,640
1734424476.629556,983987,27622,1,BI,1,100,840
1734424477.349557,984707,27737,1,BI,1,100,720
1734424477.949558,985307,27840,1,BI,1,100,600
1734424478.522558,985880,27938,1,BI,1,100,560
1734424479.162559,986520,28039,1,BI,1,100,640
1734424479.802560,987160,28140,1,BI,1,100,640
1734424480.482561,987840,28256,1,BI,1,100,680
1734424481.122562,988480,28344,1,BI,1,100,640
1734424481.815563,989173,28459,1,BI,1,100,680
1734424482.455564,989813,28575,1,BI,1,100,640
1734424483.095565,990453,28678,1,BI,1,100,640
1734424483.815566,991173,28793,1,BI,1,100,720
1734424484.455567,991813,28894,1,BI,1,100,640
1734424485.135568,992493,29010,1,BI,1,100,680
1734424485.828569,993186,29125,1,BI,1,100,680
1734424486.468570,993826,29233,1,BI,1,100,640
1734424487.108571,994466,29332,1,BI,1,100,640
1734424487.748572,995106,29450,1,BI,1,100,640
1734424488.348572,995706,29551,1,BI,1,100,600
1734424489.001573,996359,29652,1,BI,1,100,640
1734424489.641574,996999,29754,1,BI,1,100,640
1734424490.321575,997679,29870,1,BI,1,100,680
1734424491.001576,998359,29991,1,BI,1,100,680
1734424491.681577,999039,30092,1,BI,1,100,680
1734424492.321578,999679,30207,1,BI,1,100,640
1734424493.014579,1000372,30325,1,BI,1,100,680
1734424493.654580,1001012,30426,1,BI,1,100,640
1734424494.254581,1001612,30527,1,BI,1,100,600
1734424494.414581,1001772,30543,1,BI,1,100,160
1734424494.894582,1002252,30628,1,BI,1,100,480
1734424495.614583,1002972,30743,1,BI,1,100,720
1734424496.267584,1003625,30849,1,BI,1,100,640
1734424496.867584,1004225,30949,1,BI,1,100,600
1734424497.507586,1004865,31066,1,BI,1,100,640
1734424498.187586,1005545,31168,1,BI,1,100,680
1734424498.747587,1006105,31267,1,BI,1,100,560
1734424499.427588,1006785,31368,1,BI,1,100,680
1734424500.080589,1007438,31483,1,BI,1,100,640
1734424500.760590,1008118,31600,1,BI,1,100,680
1734424501.400591,1008758,31707,1,BI,1,100,640
1734424502.000592,1009358,31791,1,BI,1,100,600
1734424502.560593,1009918,31892,1,BI,1,100,560
1734424503.173594,1010531,31992,1,BI,1,100,600
1734424503.813594,1011171,32093,1,BI,1,100,640
1734424504.413595,1011771,32192,1,BI,1,100,600
1734424505.013596,1012371,32297,1,BI,1,100,600
1734424505.693597,1013051,32413,1,BI,1,100,680
1734424508.866602,1016224,32912,1,BI,1,100,3160
1734424509.546602,1016904,33029,1,BI,1,100,680
1734424510.439604,1017797,33162,1,BI,1,100,880
1734424511.119605,1018477,33278,1,BI,1,100,680
1734424511.759606,1019117,33382,1,BI,1,100,640
1734424512.359607,1019717,33481,1,BI,1,100,600
1734424512.999608,1020357,33584,1,BI,1,100,640
1734424513.639608,1020997,33685,1,BI,1,100,640
1734424514.412610,1021770,33819,1,BI,1,100,760
1734424515.132611,1022490,33937,1,BI,1,100,720
1734424515.892612,1023250,34053,1,BI,1,100,760
1734424516.412612,1023770,34137,1,BI,1,100,520
1734424517.172613,1024530,34243,1,BI,1,100,760
1734424517.825614,1025183,34362,1,BI,1,100,640
1734424518.425615,1025783,34445,1,BI,1,100,600
1734424519.065616,1026423,34563,1,BI,1,100,640
1734424519.745617,1027103,34662,1,BI,1,100,680
1734424520.425618,1027783,34779,1,BI,1,100,680
1734424521.078619,1028436,34878,1,BI,1,100,640
1734424521.718620,1029076,34979,1,BI,1,100,640
1734424522.318621,1029676,35081,1,BI,1,100,600
1734424522.958622,1030316,35182,1,BI,1,100,640
1734424523.638623,1030996,35284,1,BI,1,100,680
1734424524.278624,1031636,35336,1,BI,1,100,640
1734424524.971625,1032329,35455,1,BI,1,100,680
1734424525.811626,1033169,35587,1,BI,1,100,840
1734424526.411627,1033769,35687,1,BI,1,100,600
1734424527.131628,1034489,35809,1,BI,1,100,720
1734424527.851629,1035209,35927,1,BI,1,100,720
1734424528.704630,1036062,36061,1,BI,1,100,840
1734424529.224631,1036582,36143,1,BI,1,100,520
1734424529.904632,1037262,36261,1,BI,1,100,680
1734424530.544632,1037902,36359,1,BI,1,100,640
1734424531.343634,1038701,36492,1,BI,1,100,800
1734424531.917634,1039275,36593,1,BI,1,100,560
1734424532.677635,1040035,36716,1,BI,1,100,760
1734424533.197636,1040555,36799,1,BI,1,100,520
1734424533.877637,1041235,36918,1,BI,1,100,680
1734424534.636638,1041994,37033,1,BI,1,100,760
1734424535.530640,1042888,37184,1,BI,1,100,880
1734424536.330641,1043688,37317,1,BI,1,100,800
1734424537.090642,1044448,37432,1,BI,1,100,760
1734424537.929643,1045287,37574,1,BI,1,100,840
1734424538.489644,1045847,37672,1,BI,1,100,560
1734424539.223645,1046581,37791,1,BI,1,100,720
1734424539.823646,1047181,37889,1,BI,1,100,600
1734424540.503647,1047861,38007,1,BI,1,100,680
1734424541.143647,1048501,38105,1,BI,1,100,640
1734424541.703648,1049061,38190,1,BI,1,100,560
1734424542.396649,1049754,38309,1,BI,1,100,680
1734424543.036650,1050394,38410,1,BI,1,100,640
1734424543.676651,1051034,38509,1,BI,1,100,640
1734424544.396652,1051754,38627,1,BI,1,100,720
1734424545.236653,1052594,38760,1,BI,1,100,840
1734424546.009655,1053367,38892,1,BI,1,100,760
1734424546.809656,1054167,39024,1,BI,1,100,800
1734424547.529657,1054887,39130,1,BI,1,100,720
1734424548.368658,1055726,39265,1,BI,1,100,840
1734424548.888659,1056246,39349,1,BI,1,100,520
1734424549.582659,1056940,39465,1,BI,1,100,680
1734424550.222661,1057580,39582,1,BI,1,100,640
1734424550.902661,1058260,39682,1,BI,1,100,680
1734424551.422662,1058780,39765,1,BI,1,100,520
1734424552.061663,1059419,39881,1,BI,1,100,640
1734424552.661664,1060019,39970,1,BI,1,100,600
1734424553.755666,1061113,40157,1,BI,1,100,1080
1734424554.634667,1061992,40308,1,BI,1,100,880
1734424555.434668,1062792,40424,1,BI,1,100,800
1734424556.154669,1063512,40556,1,BI,1,100,720
1734424556.968670,1064326,40689,1,BI,1,100,800
1734424557.687671,1065045,40795,1,BI,1,100,720
1734424558.447672,1065805,40929,1,BI,1,100,760
1734424559.167673,1066525,41044,1,BI,1,100,720
1734424559.927674,1067285,41163,1,BI,1,100,760
1734424560.701675,1068059,41295,1,BI,1,100,760
1734424561.381676,1068739,41410,1,BI,1,100,680
1734424562.060677,1069418,41511,1,BI,1,100,680
1734424562.580678,1069938,41596,1,BI,1,100,520
1734424563.474679,1070832,41751,1,BI,1,100,880
1734424564.113680,1071471,41850,1,BI,1,100,640
1734424564.793681,1072151,41968,1,BI,1,100,680
1734424565.434682,1072792,42067,1,BI,1,100,640
1734424565.993683,1073351,42168,1,BI,1,100,560
1734424566.633684,1073991,42267,1,BI,1,100,640
1734424567.447685,1074805,42401,1,BI,1,100,800
1734424568.326686,1075684,42539,1,BI,1,100,880
1734424569.126687,1076484,42671,1,BI,1,100,800
1734424569.886688,1077244,42804,1,BI,1,100,760
1734424570.660690,1078018,42919,1,BI,1,100,760
1734424571.340691,1078698,43037,1,BI,1,100,680
1734424572.059691,1079417,43152,1,BI,1,100,720
1734424572.739692,1080097,43268,1,BI,1,100,680
1734424573.419693,1080777,43372,1,BI,1,100,680
1734424574.033694,1081391,43473,1,BI,1,100,600
1734424574.672695,1082030,43572,1,BI,1,100,640
1734424575.352696,1082710,43689,1,BI,1,100,680
1734424576.112697,1083470,43821,1,BI,1,100,760
1734424576.952698,1084310,43954,1,BI,1,100,840
1734424577.805700,1085163,44086,1,BI,1,100,840
1734424578.605701,1085963,44226,1,BI,1,100,800
1734424579.405702,1086763,44344,1,BI,1,100,800
1734424580.085703,1087443,44459,1,BI,1,100,680
1734424580.805704,1088163,44575,1,BI,1,100,720
1734424581.458705,1088816,44692,1,BI,1,100,640
1734424582.098706,1089456,44791,1,BI,1,100,640
1734424582.738707,1090096,44892,1,BI,1,100,640
1734424583.378708,1090736,45002,1,BI,1,100,640
1734424584.218709,1091576,45136,1,BI,1,100,840
1734424585.071710,1092429,45286,1,BI,1,100,840
1734424585.872711,1093230,45419,1,BI,1,100,800
1734424586.631712,1093989,45534,1,BI,1,100,760
1734424587.311713,1094669,45650,1,BI,1,100,680
1734424588.045714,1095403,45769,1,BI,1,100,720
1734424588.644715,1096002,45873,1,BI,1,100,600
1734424589.244716,1096602,45972,1,BI,1,100,600
1734424589.844717,1097202,46056,1,BI,1,100,600
1734424590.484718,1097842,46171,1,BI,1,100,640
1734424591.084719,1098442,46272,1,BI,1,100,600
1734424591.817720,1099175,46388,1,BI,1,100,720
1734424592.418720,1099776,46489,1,BI,1,100,600
1734424592.977721,1100335,46575,1,BI,1,100,560
1734424593.617722,1100975,46679,1,BI,1,100,640
1734424594.297723,1101655,46796,1,BI,1,100,680
1734424594.990724,1102348,46911,1,BI,1,100,680
1734424595.710725,1103068,47027,1,BI,1,100,720
1734424596.390726,1103748,47144,1,BI,1,100,680
1734424596.990727,1104348,47229,1,BI,1,100,600
1734424597.990728,1105348,47395,1,BI,1,100,1000
1734424598.643729,1106001,47503,1,BI,1,100,640
1734424599.243730,1106601,47604,1,BI,1,100,600
1734424599.963731,1107321,47719,1,BI,1,100,720
1734424600.643732,1108001,47835,1,BI,1,100,680
1734424601.203733,1108561,47936,1,BI,1,100,560
1734424601.737734,1109095,48019,1,BI,1,100,520
1734424602.336735,1109694,48118,1,BI,1,100,600
1734424602.856735,1110214,48205,1,BI,1,100,520
1734424603.576736,1110934,48320,1,BI,1,100,720
1734424604.416738,1111774,48457,1,BI,1,100,840
1734424605.176739,1112534,48573,1,BI,1,100,760
1734424605.909740,1113267,48706,1,BI,1,100,720
1734424606.549741,1113907,48807,1,BI,1,100,640
1734424607.269742,1114627,48922,1,BI,1,100,720
1734424608.029743,1115387,49042,1,BI,1,100,760
1734424608.722744,1116080,49159,1,BI,1,100,680
1734424609.362745,1116720,49264,1,BI,1,100,640
1734424610.002746,1117360,49363,1,BI,1,100,640
1734424610.602746,1117960,49464,1,BI,1,100,600
1734424611.202747,1118560,49562,1,BI,1,100,600
1734424611.842748,1119200,49663,1,BI,1,100,640
1734424612.495749,1119853,49764,1,BI,1,100,640
1734424613.215750,1120573,49882,1,BI,1,100,720
1734424613.935751,1121293,50007,1,BI,1,100,720
1734424614.695752,1122053,50123,1,BI,1,100,760
1734424615.415753,1122773,50257,1,BI,1,100,720
1734424616.268754,1123626,50390,1,BI,1,100,840
1734424616.908755,1124266,50489,1,BI,1,100,640
1734424617.748757,1125106,50621,1,BI,1,100,840
1734424618.428757,1125786,50740,1,BI,1,100,680
1734424619.108758,1126466,50843,1,BI,1,100,680
1734424619.801759,1127159,50960,1,BI,1,100,680
1734424620.442760,1127800,51076,1,BI,1,100,640
1734424621.161762,1128519,51192,1,BI,1,100,720
1734424621.881763,1129239,51310,1,BI,1,100,720
1734424622.694764,1130052,51442,1,BI,1,100,800
1734424623.334764,1130692,51544,1,BI,1,100,640
1734424623.974766,1131332,51644,1,BI,1,100,640
1734424624.694767,1132052,51764,1,BI,1,100,720
1734424625.614768,1132972,51914,1,BI,1,100,920
1734424626.187769,1133545,52013,1,BI,1,100,560
1734424626.827770,1134185,52113,1,BI,1,100,640
1734424627.467770,1134825,52212,1,BI,1,100,640
1734424628.267771,1135625,52347,1,BI,1,100,800
1734424629.187773,1136545,52495,1,BI,1,100,920
1734424630.280774,1137638,52684,1,BI,1,100,1080
1734424630.840775,1138198,52767,1,BI,1,100,560
1734424631.440776,1138798,52866,1,BI,1,100,600
1734424632.000777,1139358,52967,1,BI,1,100,560
1734424632.560778,1139918,53054,1,BI,1,100,560
1734424633.133779,1140491,53154,1,BI,1,100,560
1734424633.773779,1141131,53255,1,BI,1,100,640
1734424634.373780,1141731,53359,1,BI,1,100,600
1734424635.013781,1142371,53460,1,BI,1,100,640
1734424635.693782,1143051,53563,1,BI,1,100,680
1734424636.373783,1143731,53678,1,BI,1,100,680
1734424637.026784,1144384,53779,1,BI,1,100,640
1734424637.866785,1145224,53931,1,BI,1,100,840
1734424638.466786,1145824,54029,1,BI,1,100,600
1734424639.146787,1146504,54130,1,BI,1,100,680
1734424639.866788,1147224,54255,1,BI,1,100,720
1734424640.559789,1147917,54371,1,BI,1,100,680
1734424641.159790,1148517,54469,1,BI,1,100,600
1734424641.759791,1149117,54570,1,BI,1,100,600
1734424642.399792,1149757,54671,1,BI,1,100,640
1734424643.079793,1150437,54788,1,BI,1,100,680
1734424643.812794,1151170,54904,1,BI,1,100,720
1734424644.492795,1151850,55022,1,BI,1,100,680
1734424645.252796,1152610,55141,1,BI,1,100,760
1734424645.692796,1153050,55208,1,BI,1,100,440
1734424645.812797,1153170,55226,1,BI,1,100,120
1734424646.452797,1153810,55327,1,BI,1,100,640
1734424647.065798,1154423,55426,1,BI,1,100,600
1734424647.745799,1155103,55546,1,BI,1,100,680
1734424648.545800,1155903,55681,1,BI,1,100,800
1734424649.385802,1156743,55813,1,BI,1,100,840
1734424650.225803,1157583,55953,1,BI,1,100,840
1734424651.078804,1158436,56085,1,BI,1,100,840
1734424651.678805,1159036,56186,1,BI,1,100,600
1734424652.398806,1159756,56301,1,BI,1,100,720
1734424652.998807,1160356,56404,1,BI,1,100,600
1734424653.598808,1160956,56503,1,BI,1,100,600
1734424654.371809,1161729,56635,1,BI,1,100,760
1734424654.931809,1162289,56725,1,BI,1,100,560
1734424655.611810,1162969,56844,1,BI,1,100,680
1734424656.331811,1163689,56962,1,BI,1,100,720
1734424657.251813,1164609,57111,1,BI,1,100,920
1734424657.904814,1165262,57214,1,BI,1,100,640
1734424658.624815,1165982,57330,1,BI,1,100,720
1734424659.384816,1166742,57462,1,BI,1,100,760
1734424660.104817,1167462,57566,1,BI,1,100,720
1734424660.704818,1168062,57667,1,BI,1,100,600
1734424661.437819,1168795,57799,1,BI,1,100,720
1734424661.917819,1169275,57867,1,BI,1,100,480
1734424662.557820,1169915,57982,1,BI,1,100,640
1734424663.157821,1170515,58068,1,BI,1,100,600
1734424663.877822,1171235,58201,1,BI,1,100,720
1734424664.490823,1171848,58302,1,BI,1,100,600
1734424665.090824,1172448,58407,1,BI,1,100,600
1734424665.730825,1173088,58491,1,BI,1,100,640
1734424666.450826,1173808,58609,1,BI,1,100,720
1734424667.290827,1174648,58758,1,BI,1,100,840
1734424668.023828,1175381,58876,1,BI,1,100,720
1734424668.783829,1176141,58991,1,BI,1,100,760
1734424669.543830,1176901,59124,1,BI,1,100,760
1734424670.303831,1177661,59243,1,BI,1,100,760
1734424671.103832,1178461,59375,1,BI,1,100,800
1734424671.756833,1179114,59476,1,BI,1,100,640
1734424672.396834,1179754,59575,1,BI,1,100,640
1734424673.236835,1180594,59726,1,BI,1,100,840
1734424673.876837,1181234,59827,1,BI,1,100,640
1734424674.676838,1182034,59959,1,BI,1,100,800
1734424675.369838,1182727,60080,1,BI,1,100,680
1734424676.049839,1183407,60181,1,BI,1,100,680
1734424676.809841,1184167,60296,1,BI,1,100,760
1734424677.449841,1184807,60414,1,BI,1,100,640
1734424678.249843,1185607,60549,1,BI,1,100,800
1734424679.062844,1186420,60681,1,BI,1,100,800
1734424679.742845,1187100,60780,1,BI,1,100,680
1734424680.382846,1187740,60897,1,BI,1,100,640
1734424680.942847,1188300,60972,1,BI,1,100,560
1734424681.622848,1188980,61071,1,BI,1,100,680
1734424682.355849,1189713,61204,1,BI,1,100,720
1734424682.955849,1190313,61306,1,BI,1,100,600
1734424683.755851,1191113,61423,1,BI,1,100,800
1734424684.355851,1191713,61522,1,BI,1,100,600
1734424685.075852,1192433,61639,1,BI,1,100,720
1734424685.768853,1193126,61747,1,BI,1,100,680
1734424686.368854,1193726,61846,1,BI,1,100,600
1734424686.808855,1194166,61916,1,BI,1,100,440
1734424687.448856,1194806,62016,1,BI,1,100,640
1734424688.128857,1195486,62136,1,BI,1,100,680
1734424688.741858,1196099,62239,1,BI,1,100,600
1734424689.421859,1196779,62354,1,BI,1,100,680
1734424690.101860,1197459,62455,1,BI,1,100,680
1734424690.781861,1198139,62560,1,BI,1,100,680
1734424691.421861,1198779,62661,1,BI,1,100,640
1734424692.061862,1199419,62762,1,BI,1,100,640
1734424692.834863,1200192,62896,1,BI,1,100,760
1734424693.434864,1200792,62995,1,BI,1,100,600
1734424693.994865,1201352,63079,1,BI,1,100,560
1734424694.634866,1201992,63180,1,BI,1,100,640
1734424695.194867,1202552,63281,1,BI,1,100,560
1734424695.847868,1203205,63385,1,BI,1,100,640
1734424696.447869,1203805,63453,1,BI,1,100,600
1734424697.007869,1204365,63522,1,BI,1,100,560
1734424697.607870,1204965,63623,1,BI,1,100,600
1734424698.247871,1205605,63726,1,BI,1,100,640
1734424698.847872,1206205,63828,1,BI,1,100,600
1734424699.580873,1206938,63961,1,BI,1,100,720
1734424700.100874,1207458,64044,1,BI,1,100,520
1734424700.780875,1208138,64143,1,BI,1,100,680
1734424701.500876,1208858,64268,1,BI,1,100,720
1734424701.980876,1209338,64355,1,BI,1,100,480
1734424702.620877,1209978,64458,1,BI,1,100,640
1734424703.033878,1210391,64527,1,BI,1,100,400
1734424703.673879,1211031,64628,1,BI,1,100,640
1734424704.233880,1211591,64730,1,BI,1,100,560
1734424704.753881,1212111,64812,1,BI,1,100,520
1734424705.273881,1212631,64897,1,BI,1,100,520
1734424705.873882,1213231,64998,1,BI,1,100,600
1734424706.446883,1213804,65086,1,BI,1,100,560
1734424707.046884,1214404,65187,1,BI,1,100,600
1734424707.566884,1214924,65272,1,BI,1,100,520
1734424708.326885,1215684,65406,1,BI,1,100,760
1734424708.926886,1216284,65507,1,BI,1,100,600
1734424709.699888,1217057,86,1,BI,1,100,760
1734424710.299888,1217657,187,1,BI,1,100,600
1734424710.779889,1218137,271,1,BI,1,100,480
1734424711.379890,1218737,356,1,BI,1,100,600
1734424711.979891,1219337,455,1,BI,1,100,600
1734424712.619892,1219977,573,1,BI,1,100,640
1734424713.232893,1220590,674,1,BI,1,100,600
1734424713.872893,1221230,775,1,BI,1,100,640
1734424714.472894,1221830,875,1,BI,1,100,600
1734424714.632895,1221990,894,1,BI,1,100,160
1734424715.272895,1222630,1010,1,BI,1,100,640
1734424715.832896,1223190,1093,1,BI,1,100,560
1734424716.432897,1223790,1181,1,BI,1,100,600
1734424717.045898,1224403,1282,1,BI,1,100,600
1734424717.765899,1225123,1398,1,BI,1,100,720
1734424718.205899,1225563,1467,1,BI,1,100,440
1734424718.765900,1226123,1568,1,BI,1,100,560
1734424719.365901,1226723,1667,1,BI,1,100,600
1734424720.178902,1227536,1800,1,BI,1,100,800
1734424720.778903,1228136,1885,1,BI,1,100,600
1734424721.338904,1228696,1992,1,BI,1,100,560
1734424722.018905,1229376,2093,1,BI,1,100,680
1734424722.698906,1230056,2194,1,BI,1,100,680
1734424723.338907,1230696,2311,1,BI,1,100,640
1734424724.031908,1231389,2412,1,BI,1,100,680
1734424724.751909,1232109,2528,1,BI,1,100,720
1734424725.391910,1232749,2645,1,BI,1,100,640
1734424726.071911,1233429,2746,1,BI,1,100,680
1734424726.671911,1234029,2848,1,BI,1,100,600
1734424727.484913,1234842,2980,1,BI,1,100,800
1734424728.124914,1235482,3081,1,BI,1,100,640
1734424728.684914,1236042,3182,1,BI,1,100,560
1734424729.364915,1236722,3298,1,BI,1,100,680
1734424729.884916,1237242,3382,1,BI,1,100,520
1734424730.737917,1238095,3514,1,BI,1,100,840
1734424731.177918,1238535,3581,1,BI,1,100,440
1734424732.097919,1239455,3734,1,BI,1,100,920
1734424732.697920,1240055,3835,1,BI,1,100,600
1734424733.457921,1240815,3952,1,BI,1,100,760
1734424734.150922,1241508,4070,1,BI,1,100,680
1734424734.830923,1242188,4185,1,BI,1,100,680
1734424735.470924,1242828,4286,1,BI,1,100,640
1734424736.150925,1243508,4402,1,BI,1,100,680
1734424736.790926,1244148,4507,1,BI,1,100,640
1734424737.443927,1244801,4607,1,BI,1,100,640
1734424738.003928,1245361,4710,1,BI,1,100,560
1734424738.683929,1246041,4825,1,BI,1,100,680
1734424739.363930,1246721,4925,1,BI,1,100,680
1734424739.963931,1247321,5025,1,BI,1,100,600
1734424740.483931,1247841,5109,1,BI,1,100,520
1734424741.136932,1248494,5224,1,BI,1,100,640
1734424741.736933,1249094,5325,1,BI,1,100,600
1734424742.416934,1249774,5431,1,BI,1,100,680
1734424743.016935,1250374,5532,1,BI,1,100,600
1734424743.656936,1251014,5633,1,BI,1,100,640
1734424744.296937,1251654,5734,1,BI,1,100,640
1734424744.989938,1252347,5849,1,BI,1,100,680
1734424745.629939,1252987,5950,1,BI,1,100,640
1734424746.309940,1253667,6066,1,BI,1,100,680
1734424746.989940,1254347,6185,1,BI,1,100,680
1734424747.842942,1255200,6322,1,BI,1,100,840
1734424748.562943,1255920,6437,1,BI,1,100,720
1734424749.202944,1256560,6538,1,BI,1,100,640
1734424749.882945,1257240,6654,1,BI,1,100,680
1734424750.562946,1257920,6755,1,BI,1,100,680
1734424751.295947,1258653,6870,1,BI,1,100,720
1734424751.895947,1259253,6971,1,BI,1,100,600
1734424752.615948,1259973,7074,1,BI,1,100,720
1734424753.295949,1260653,7191,1,BI,1,100,680
1734424753.975950,1261333,7309,1,BI,1,100,680
1734424754.654951,1262012,7408,1,BI,1,100,680
1734424755.268952,1262626,7509,1,BI,1,100,600
1734424756.108953,1263466,7657,1,BI,1,100,840
1734424756.788954,1264146,7756,1,BI,1,100,680
1734424757.428955,1264786,7858,1,BI,1,100,640
1734424758.067956,1265425,7977,1,BI,1,100,640
1734424758.761957,1266119,8077,1,BI,1,100,680
1734424759.321958,1266679,8178,1,BI,1,100,560
1734424759.721959,1267079,8245,1,BI,1,100,400
1734424760.361959,1267719,8344,1,BI,1,100,640
1734424761.081961,1268439,8463,1,BI,1,100,720
1734424761.694962,1269052,8562,1,BI,1,100,600
1734424762.334962,1269692,8663,1,BI,1,100,640
1734424762.894963,1270252,8769,1,BI,1,100,560
1734424763.614964,1270972,8885,1,BI,1,100,720
1734424764.334965,1271692,9000,1,BI,1,100,720
1734424765.014966,1272372,9103,1,BI,1,100,680
1734424765.707967,1273065,9219,1,BI,1,100,680
1734424766.387968,1273745,9336,1,BI,1,100,680
1734424767.107969,1274465,9452,1,BI,1,100,720
1734424767.867970,1275225,9573,1,BI,1,100,760
1734424768.027971,1275385,9606,1,BI,1,100,160
1734424768.720971,1276078,9707,1,BI,1,100,680
1734424769.360972,1276718,9823,1,BI,1,100,640
1734424769.960973,1277318,9924,1,BI,1,100,600
1734424770.519974,1277877,10005,1,BI,1,100,560
1734424771.120975,1278478,10106,1,BI,1,100,600
1734424771.719976,1279077,10206,1,BI,1,100,600
1734424772.293977,1279651,10306,1,BI,1,100,560
1734424772.933977,1280291,10410,1,BI,1,100,640
1734424773.613978,1280971,10510,1,BI,1,100,680
1734424774.453979,1281811,10658,1,BI,1,100,840
1734424775.052980,1282410,10742,1,BI,1,100,600
1734424775.826982,1283184,10874,1,BI,1,100,760
1734424776.586983,1283944,11007,1,BI,1,100,760
1734424777.426984,1284784,11140,1,BI,1,100,840
1734424778.225985,1285583,11285,1,BI,1,100,800
1734424778.905986,1286263,11384,1,BI,1,100,680
1734424779.639987,1286997,11518,1,BI,1,100,720
1734424780.439988,1287797,11652,1,BI,1,100,800
1734424781.079989,1288437,11753,1,BI,1,100,640
1734424781.598990,1288956,11838,1,BI,1,100,520
1734424782.238991,1289596,11937,1,BI,1,100,640
1734424783.012992,1290370,12062,1,BI,1,100,760
1734424783.852993,1291210,12194,1,BI,1,100,840
1734424784.412994,1291770,12295,1,BI,1,100,560
1734424785.131995,1292489,12410,1,BI,1,100,720
1734424785.772996,1293130,12511,1,BI,1,100,640
1734424786.425997,1293783,12612,1,BI,1,100,640
1734424787.145998,1294503,12728,1,BI,1,100,720
1734424787.785999,1295143,12843,1,BI,1,100,640
1734424788.466000,1295823,12954,1,BI,1,100,680
1734424789.305001,1296662,13087,1,BI,1,100,840
1734424789.839001,1297196,13188,1,BI,1,100,520
1734424790.439002,1297796,13271,1,BI,1,100,600
1734424791.079003,1298436,13387,1,BI,1,100,640
1734424791.718004,1299075,13487,1,BI,1,100,640
1734424792.319005,1299676,13587,1,BI,1,100,600
1734424793.012006,1300369,13708,1,BI,1,100,680
1734424793.652007,1301009,13792,1,BI,1,100,640
1734424794.171008,1301528,13876,1,BI,1,100,520
1734424794.772008,1302129,13975,1,BI,1,100,600
1734424795.331009,1302688,14076,1,BI,1,100,560
1734424795.931010,1303288,14175,1,BI,1,100,600
1734424796.585011,1303942,14276,1,BI,1,100,640
1734424797.185012,1304542,14377,1,BI,1,100,600
1734424797.824013,1305181,14475,1,BI,1,100,640
1734424798.464014,1305821,14583,1,BI,1,100,640
1734424799.065015,1306422,14684,1,BI,1,100,600
