LocalTimestamp,EmotiBitTimestamp,PacketNumber,DataLength,TypeTag,ProtocolVersion,DataReliability,SF
1735116835.022398,1053336.000,38532,1,SF,1,100,11.2779
1735116835.355399,1053669.000,38581,1,SF,1,100,11.1475
1735116835.688399,1054002.000,38631,1,SF,1,100,11.0185
1735116836.088400,1054402.000,38696,1,SF,1,100,10.8910
1735116836.355401,1054669.000,38749,1,SF,1,100,12.8473
1735116836.688401,1055002.000,38799,1,SF,1,100,12.6987
1735116837.088402,1055402.000,38864,1,SF,1,100,12.5518
1735116837.355402,1055669.000,38913,1,SF,1,100,12.4066
1735116837.688403,1056002.000,38963,1,SF,1,100,12.2631
1735116838.021403,1056335.000,39014,1,SF,1,100,12.1212
1735116838.421404,1056735.000,39079,1,SF,1,100,11.9810
1735116838.688405,1057002.000,39129,1,SF,1,100,11.8424
1735116839.021405,1057335.000,39179,1,SF,1,100,11.7054
1735116839.421406,1057735.000,39234,1,SF,1,100,11.5700
1735116839.688406,1058002.000,39284,1,SF,1,100,11.4361
1735116840.021407,1058335.000,39335,1,SF,1,100,11.3039
1735116840.354407,1058668.000,39383,1,SF,1,100,11.1731
1735116840.754408,1059068.000,39448,1,SF,1,100,11.0438
1735116841.021409,1059335.000,39501,1,SF,1,100,10.9161
1735116841.354409,1059668.000,39549,1,SF,1,100,10.7898
1735116841.754410,1060068.000,39616,1,SF,1,100,10.6650
1735116842.021410,1060335.000,39665,1,SF,1,100,10.5416
1735116842.354411,1060668.000,39714,1,SF,1,100,10.4197
1735116842.687412,1061001.000,39764,1,SF,1,100,10.2991
1735116843.087412,1061401.000,39831,1,SF,1,100,10.1800
1735116843.354413,1061668.000,39879,1,SF,1,100,10.0622
1735116843.687413,1062001.000,39930,1,SF,1,100,9.9458
1735116844.087414,1062401.000,39995,1,SF,1,100,9.8308
1735116844.354414,1062668.000,40034,1,SF,1,100,9.7171
1735116844.754415,1063068.000,40103,1,SF,1,100,9.6046
1735116845.021415,1063335.000,40153,1,SF,1,100,9.4935
1735116845.354416,1063668.000,40202,1,SF,1,100,9.3837
1735116845.754417,1064068.000,40269,1,SF,1,100,9.2752
1735116846.087417,1064401.000,40317,1,SF,1,100,9.1679
1735116846.354418,1064668.000,40370,1,SF,1,100,11.1441
1735116846.687418,1065001.000,40418,1,SF,1,100,11.0151
1735116847.087419,1065401.000,40485,1,SF,1,100,10.8877
1735116847.354420,1065668.000,40534,1,SF,1,100,10.7618
1735116847.687420,1066001.000,40584,1,SF,1,100,10.6373
1735116848.087421,1066401.000,40650,1,SF,1,100,10.5142
1735116848.420422,1066734.000,40704,1,SF,1,100,12.4749
1735116848.687422,1067001.000,40752,1,SF,1,100,12.3305
1735116849.020422,1067334.000,40801,1,SF,1,100,12.1879
1735116849.487423,1067801.000,40875,1,SF,1,100,12.0469
1735116849.687424,1068001.000,40907,1,SF,1,100,11.9076
1735116850.087425,1068401.000,40972,1,SF,1,100,11.7698
1735116850.353425,1068667.000,41026,1,SF,1,100,13.7159
1735116850.687425,1069001.000,41075,1,SF,1,100,13.5572
1735116851.020426,1069334.000,41123,1,SF,1,100,13.4004
1735116851.420427,1069734.000,41188,1,SF,1,100,13.2454
1735116851.687427,1070001.000,41239,1,SF,1,100,13.0922
1735116852.020428,1070334.000,41289,1,SF,1,100,12.9407
1735116852.420429,1070734.000,41354,1,SF,1,100,12.7910
1735116852.687429,1071001.000,41403,1,SF,1,100,12.6430
1735116853.020430,1071334.000,41453,1,SF,1,100,12.4968
1735116853.353430,1071667.000,41504,1,SF,1,100,12.3522
1735116853.753431,1072067.000,41569,1,SF,1,100,12.2093
1735116854.020431,1072334.000,41617,1,SF,1,100,12.0681
1735116854.353432,1072667.000,41666,1,SF,1,100,11.9285
1735116854.686432,1073000.000,41723,1,SF,1,100,11.7905
1735116855.020433,1073334.000,41774,1,SF,1,100,11.6541
1735116855.420434,1073734.000,41841,1,SF,1,100,11.5193
1735116855.686434,1074000.000,41891,1,SF,1,100,11.3860
1735116856.019435,1074333.000,41940,1,SF,1,100,11.2543
1735116856.419436,1074733.000,42007,1,SF,1,100,11.1241
1735116856.686436,1075000.000,42055,1,SF,1,100,10.9954
1735116857.019437,1075333.000,42105,1,SF,1,100,10.8683
1735116857.353437,1075667.000,42156,1,SF,1,100,10.7425
1735116857.753438,1076067.000,42221,1,SF,1,100,10.6183
1735116858.019438,1076333.000,42270,1,SF,1,100,10.4954
1735116858.353439,1076667.000,42320,1,SF,1,100,10.3740
1735116858.752439,1077066.000,42387,1,SF,1,100,10.2540
1735116859.086440,1077400.000,42438,1,SF,1,100,10.1354
1735116859.353441,1077667.000,42486,1,SF,1,100,10.0181
1735116859.686441,1078000.000,42530,1,SF,1,100,9.9022
1735116860.019442,1078333.000,42580,1,SF,1,100,9.7877
1735116860.419442,1078733.000,42647,1,SF,1,100,9.6745
1735116860.686443,1079000.000,42696,1,SF,1,100,9.5626
1735116861.019444,1079333.000,42745,1,SF,1,100,9.4519
1735116861.352444,1079666.000,42795,1,SF,1,100,9.3426
1735116861.752445,1080066.000,42862,1,SF,1,100,9.2345
1735116862.019445,1080333.000,42912,1,SF,1,100,11.2099
1735116862.352446,1080666.000,42961,1,SF,1,100,11.0803
1735116862.752446,1081066.000,43028,1,SF,1,100,10.9521
1735116863.019447,1081333.000,43078,1,SF,1,100,10.8254
1735116863.352448,1081666.000,43127,1,SF,1,100,10.7002
1735116863.685448,1081999.000,43177,1,SF,1,100,10.5764
1735116864.085449,1082399.000,43242,1,SF,1,100,10.4540
1735116864.352449,1082666.000,43293,1,SF,1,100,10.3331
1735116864.685450,1082999.000,43343,1,SF,1,100,10.2136
1735116865.019450,1083333.000,43399,1,SF,1,100,10.0954
1735116865.352451,1083666.000,43449,1,SF,1,100,9.9786
1735116865.752452,1084066.000,43516,1,SF,1,100,11.9455
1735116866.018452,1084332.000,43565,1,SF,1,100,11.8073
1735116866.352453,1084666.000,43616,1,SF,1,100,11.6707
1735116866.685453,1084999.000,43666,1,SF,1,100,11.5357
1735116867.085454,1085399.000,43731,1,SF,1,100,11.4022
1735116867.352455,1085666.000,43781,1,SF,1,100,11.2703
1735116867.685455,1085999.000,43830,1,SF,1,100,11.1400
1735116868.085456,1086399.000,43895,1,SF,1,100,11.0111
1735116868.352456,1086666.000,43945,1,SF,1,100,10.8837
1735116868.685457,1086999.000,43994,1,SF,1,100,10.7578
1735116869.018457,1087332.000,44044,1,SF,1,100,10.6334
1735116869.418458,1087732.000,44113,1,SF,1,100,10.5104
1735116869.685459,1087999.000,44164,1,SF,1,100,10.3888
1735116870.085459,1088399.000,44219,1,SF,1,100,10.2686
1735116870.351460,1088665.000,44270,1,SF,1,100,10.1498
1735116870.685460,1088999.000,44318,1,SF,1,100,10.0324
1735116871.085461,1089399.000,44385,1,SF,1,100,9.9163
1735116871.351461,1089665.000,44436,1,SF,1,100,9.8016
1735116871.685462,1089999.000,44484,1,SF,1,100,9.6882
1735116872.084463,1090398.000,44552,1,SF,1,100,9.5762
1735116872.418463,1090732.000,44604,1,SF,1,100,9.4654
1735116872.685464,1090999.000,44652,1,SF,1,100,9.3559
1735116873.018464,1091332.000,44703,1,SF,1,100,9.2477
1735116873.418465,1091732.000,44770,1,SF,1,100,9.1407
1735116873.684466,1091998.000,44820,1,SF,1,100,9.0349
1735116874.018466,1092332.000,44869,1,SF,1,100,8.9304
1735116874.418467,1092732.000,44936,1,SF,1,100,8.8271
1735116874.751467,1093065.000,44984,1,SF,1,100,8.7250
1735116875.084468,1093398.000,45040,1,SF,1,100,8.6241
1735116875.351469,1093665.000,45090,1,SF,1,100,10.6066
1735116875.684469,1093998.000,45140,1,SF,1,100,10.4839
1735116876.017470,1094331.000,45189,1,SF,1,100,10.3626
1735116876.417470,1094731.000,45254,1,SF,1,100,10.2427
1735116876.684471,1094998.000,45305,1,SF,1,100,10.1242
1735116877.017471,1095331.000,45353,1,SF,1,100,10.0071
1735116877.417472,1095731.000,45420,1,SF,1,100,9.8913
1735116877.684473,1095998.000,45471,1,SF,1,100,9.7769
1735116878.017473,1096331.000,45521,1,SF,1,100,11.7461
1735116878.350474,1096664.000,45570,1,SF,1,100,11.6102
1735116878.751474,1097065.000,45635,1,SF,1,100,11.4759
1735116879.017475,1097331.000,45687,1,SF,1,100,11.3431
1735116879.350476,1097664.000,45736,1,SF,1,100,11.2119
1735116879.750476,1098064.000,45803,1,SF,1,100,11.0822
1735116880.017477,1098331.000,45851,1,SF,1,100,10.9540
1735116880.417477,1098731.000,45909,1,SF,1,100,10.8273
1735116880.684478,1098998.000,45957,1,SF,1,100,10.7020
1735116881.017478,1099331.000,46006,1,SF,1,100,10.5782
1735116881.417479,1099731.000,46073,1,SF,1,100,10.4559
1735116881.750480,1100064.000,46123,1,SF,1,100,10.3349
1735116882.017480,1100331.000,46172,1,SF,1,100,10.2154
1735116882.350481,1100664.000,46220,1,SF,1,100,10.0972
1735116882.750481,1101064.000,46285,1,SF,1,100,9.9804
1735116883.017482,1101331.000,46336,1,SF,1,100,9.8649
1735116883.350482,1101664.000,46384,1,SF,1,100,9.7508
1735116883.750483,1102064.000,46449,1,SF,1,100,9.6380
1735116884.083484,1102397.000,46498,1,SF,1,100,9.5265
1735116884.350484,1102664.000,46548,1,SF,1,100,9.4163
1735116884.683485,1102997.000,46601,1,SF,1,100,11.3896
1735116885.083486,1103397.000,46668,1,SF,1,100,11.2579
1735116885.350486,1103664.000,46705,1,SF,1,100,11.1277
1735116885.683486,1103997.000,46753,1,SF,1,100,10.9989
1735116886.083487,1104397.000,46820,1,SF,1,100,10.8717
1735116886.350488,1104664.000,46871,1,SF,1,100,10.7459
1735116886.683488,1104997.000,46919,1,SF,1,100,10.6216
1735116887.083489,1105397.000,46984,1,SF,1,100,10.4987
1735116887.350489,1105664.000,47035,1,SF,1,100,10.3773
1735116887.683490,1105997.000,47085,1,SF,1,100,10.2572
1735116888.016491,1106330.000,47136,1,SF,1,100,10.1386
1735116888.416491,1106730.000,47201,1,SF,1,100,10.0213
1735116888.683492,1106997.000,47251,1,SF,1,100,11.9876
1735116889.016492,1107330.000,47300,1,SF,1,100,11.8490
1735116889.416493,1107730.000,47369,1,SF,1,100,11.7119
1735116889.683494,1107997.000,47419,1,SF,1,100,11.5764
1735116890.016494,1108330.000,47468,1,SF,1,100,11.4425
1735116890.349495,1108663.000,47516,1,SF,1,100,11.3101
1735116890.683495,1108997.000,47576,1,SF,1,100,11.1793
1735116891.083496,1109397.000,47641,1,SF,1,100,11.0500
1735116891.349496,1109663.000,47689,1,SF,1,100,10.9221
1735116891.683497,1109997.000,47741,1,SF,1,100,10.7958
1735116892.016498,1110330.000,47790,1,SF,1,100,10.6709
1735116892.416498,1110730.000,47855,1,SF,1,100,10.5475
1735116892.682499,1110996.000,47906,1,SF,1,100,10.4254
1735116893.016499,1111330.000,47956,1,SF,1,100,10.3048
1735116893.349500,1111663.000,48011,1,SF,1,100,12.2679
1735116893.682501,1111996.000,48059,1,SF,1,100,12.1260
1735116894.082501,1112396.000,48126,1,SF,1,100,11.9857
1735116894.349502,1112663.000,48177,1,SF,1,100,11.8470
1735116894.682502,1112996.000,48227,1,SF,1,100,11.7100
1735116895.016503,1113330.000,48276,1,SF,1,100,11.5745
1735116895.416503,1113730.000,48343,1,SF,1,100,11.4406
1735116895.682504,1113996.000,48382,1,SF,1,100,11.3083
1735116896.082505,1114396.000,48452,1,SF,1,100,13.2597
1735116896.349505,1114663.000,48501,1,SF,1,100,13.1063
1735116896.682506,1114996.000,48550,1,SF,1,100,12.9547
1735116897.015506,1115329.000,48598,1,SF,1,100,12.8049
1735116897.415507,1115729.000,48663,1,SF,1,100,12.6567
1735116897.682508,1115996.000,48714,1,SF,1,100,12.5103
1735116898.015508,1116329.000,48762,1,SF,1,100,12.3656
1735116898.415509,1116729.000,48827,1,SF,1,100,12.2226
1735116898.682509,1116996.000,48878,1,SF,1,100,12.0812
1735116899.015510,1117329.000,48928,1,SF,1,100,11.9414
1735116899.348511,1117662.000,48977,1,SF,1,100,11.8033
1735116899.748511,1118062.000,49046,1,SF,1,100,11.6667
1735116900.015512,1118329.000,49094,1,SF,1,100,11.5318
1735116900.348512,1118662.000,49143,1,SF,1,100,11.3984
1735116900.682513,1118996.000,49196,1,SF,1,100,11.2665
1735116901.082513,1119396.000,49263,1,SF,1,100,11.1362
1735116901.415514,1119729.000,49312,1,SF,1,100,11.0074
1735116901.682514,1119996.000,49362,1,SF,1,100,10.8800
1735116902.015515,1120329.000,49411,1,SF,1,100,10.7542
1735116902.415516,1120729.000,49476,1,SF,1,100,10.6298
1735116902.682516,1120996.000,49524,1,SF,1,100,10.5068
1735116903.015517,1121329.000,49576,1,SF,1,100,10.3852
1735116903.348517,1121662.000,49625,1,SF,1,100,10.2651
1735116903.748518,1122062.000,49690,1,SF,1,100,10.1464
1735116904.015518,1122329.000,49739,1,SF,1,100,10.0290
1735116904.348519,1122662.000,49787,1,SF,1,100,9.9130
1735116904.748520,1123062.000,49854,1,SF,1,100,9.7983
1735116905.015520,1123329.000,49905,1,SF,1,100,9.6850
1735116905.348521,1123662.000,49955,1,SF,1,100,9.5729
1735116905.681521,1123995.000,50004,1,SF,1,100,9.4622
1735116906.014522,1124328.000,50064,1,SF,1,100,9.3527
1735116906.348523,1124662.000,50112,1,SF,1,100,9.2445
1735116906.748523,1125062.000,50177,1,SF,1,100,9.1376
1735116907.014524,1125328.000,50228,1,SF,1,100,9.0319
1735116907.348524,1125662.000,50278,1,SF,1,100,8.9274
1735116907.748525,1126062.000,50343,1,SF,1,100,8.8241
1735116908.014525,1126328.000,50392,1,SF,1,100,8.7220
1735116908.348526,1126662.000,50442,1,SF,1,100,8.6212
1735116908.681527,1126995.000,50493,1,SF,1,100,8.5214
1735116909.081527,1127395.000,50558,1,SF,1,100,8.4228
1735116909.347528,1127661.000,50606,1,SF,1,100,8.3254
1735116909.681528,1127995.000,50659,1,SF,1,100,8.2291
1735116910.081529,1128395.000,50725,1,SF,1,100,8.1339
1735116910.414530,1128728.000,50774,1,SF,1,100,8.0398
1735116910.681530,1128995.000,50825,1,SF,1,100,7.9468
1735116911.014531,1129328.000,50864,1,SF,1,100,7.8549
1735116911.347531,1129661.000,50915,1,SF,1,100,7.7640
1735116911.747532,1130061.000,50982,1,SF,1,100,7.6742
1735116912.014533,1130328.000,51030,1,SF,1,100,7.5854
1735116912.347533,1130661.000,51079,1,SF,1,100,7.4977
1735116912.747534,1131061.000,51144,1,SF,1,100,7.4109
1735116913.014534,1131328.000,51196,1,SF,1,100,7.3252
1735116913.347535,1131661.000,51245,1,SF,1,100,7.2405
1735116913.680535,1131994.000,51293,1,SF,1,100,7.1567
1735116914.080536,1132394.000,51360,1,SF,1,100,7.0739
1735116914.347537,1132661.000,51411,1,SF,1,100,6.9921
1735116914.680537,1132994.000,51461,1,SF,1,100,6.9112
1735116915.080538,1133394.000,51530,1,SF,1,100,8.9135
1735116915.413538,1133727.000,51579,1,SF,1,100,8.8104
1735116915.680539,1133994.000,51629,1,SF,1,100,8.7085
1735116916.013540,1134327.000,51685,1,SF,1,100,8.6077
1735116916.347540,1134661.000,51733,1,SF,1,100,8.5082
1735116916.747541,1135061.000,51799,1,SF,1,100,8.4097
1735116917.080541,1135394.000,51849,1,SF,1,100,8.3125
1735116917.347542,1135661.000,51897,1,SF,1,100,8.2163
1735116917.680542,1135994.000,51946,1,SF,1,100,8.1212
1735116918.080543,1136394.000,52011,1,SF,1,100,8.0273
1735116918.347543,1136661.000,52063,1,SF,1,100,7.9344
1735116918.680544,1136994.000,52112,1,SF,1,100,7.8427
1735116919.013545,1137327.000,52160,1,SF,1,100,7.7519
1735116919.413545,1137727.000,52229,1,SF,1,100,7.6623
1735116919.680546,1137994.000,52280,1,SF,1,100,7.5736
1735116920.013546,1138327.000,52328,1,SF,1,100,7.4860
1735116920.413547,1138727.000,52393,1,SF,1,100,7.3994
1735116920.680548,1138994.000,52444,1,SF,1,100,7.3138
1735116921.013548,1139327.000,52494,1,SF,1,100,7.2292
1735116921.346549,1139660.000,52548,1,SF,1,100,7.1456
1735116921.680549,1139994.000,52599,1,SF,1,100,7.0629
1735116922.013550,1140327.000,52649,1,SF,1,100,6.9812
1735116922.413551,1140727.000,52714,1,SF,1,100,6.9005
1735116922.680551,1140994.000,52764,1,SF,1,100,6.8206
1735116923.013552,1141327.000,52813,1,SF,1,100,6.7417
1735116923.413552,1141727.000,52878,1,SF,1,100,6.6637
1735116923.679553,1141993.000,52930,1,SF,1,100,6.5867
1735116924.013553,1142327.000,52979,1,SF,1,100,6.5105
1735116924.346554,1142660.000,53027,1,SF,1,100,6.4351
1735116924.746555,1143060.000,53096,1,SF,1,100,6.3607
1735116925.013555,1143327.000,53147,1,SF,1,100,6.2871
1735116925.346556,1143660.000,53195,1,SF,1,100,6.2144
1735116925.746557,1144060.000,53262,1,SF,1,100,6.1425
1735116926.012557,1144326.000,53311,1,SF,1,100,6.0714
1735116926.346558,1144660.000,53350,1,SF,1,100,6.0012
1735116926.746558,1145060.000,53417,1,SF,1,100,5.9318
1735116927.012559,1145326.000,53467,1,SF,1,100,5.8632
1735116927.346559,1145660.000,53501,1,SF,1,100,5.7953
1735116927.746560,1146060.000,53566,1,SF,1,100,5.7283
1735116928.012560,1146326.000,53615,1,SF,1,100,5.6620
1735116928.346561,1146660.000,53666,1,SF,1,100,5.5965
1735116928.745562,1147059.000,53731,1,SF,1,100,5.5318
1735116929.079562,1147393.000,53781,1,SF,1,100,5.4678
1735116929.345563,1147659.000,53829,1,SF,1,100,5.4046
1735116929.679563,1147993.000,53882,1,SF,1,100,7.4243
1735116930.079564,1148393.000,53949,1,SF,1,100,7.3384
1735116930.346565,1148660.000,53999,1,SF,1,100,7.2535
1735116930.679565,1148993.000,54048,1,SF,1,100,7.1696
1735116931.012566,1149326.000,54098,1,SF,1,100,7.0867
1735116931.412566,1149726.000,54169,1,SF,1,100,7.0047
1735116931.745567,1150059.000,54219,1,SF,1,100,6.9237
1735116932.079567,1150393.000,54270,1,SF,1,100,6.8436
1735116932.345568,1150659.000,54320,1,SF,1,100,6.7644
1735116932.679569,1150993.000,54369,1,SF,1,100,6.6861
1735116933.079569,1151393.000,54434,1,SF,1,100,6.6088
1735116933.345570,1151659.000,54482,1,SF,1,100,6.5323
1735116933.678570,1151992.000,54532,1,SF,1,100,6.4568
1735116934.012571,1152326.000,54581,1,SF,1,100,6.3821
1735116934.412572,1152726.000,54650,1,SF,1,100,6.3083
1735116934.678572,1152992.000,54699,1,SF,1,100,6.2353
1735116935.012573,1153326.000,54747,1,SF,1,100,6.1632
1735116935.411573,1153725.000,54814,1,SF,1,100,6.0919
1735116935.678574,1153992.000,54865,1,SF,1,100,6.0214
1735116936.012574,1154326.000,54913,1,SF,1,100,5.9517
1735116936.345575,1154659.000,54962,1,SF,1,100,5.8829
1735116936.678576,1154992.000,55019,1,SF,1,100,5.8148
1735116937.078576,1155392.000,55084,1,SF,1,100,5.7476
1735116937.411577,1155725.000,55133,1,SF,1,100,5.6811
1735116937.678577,1155992.000,55185,1,SF,1,100,5.6154
1735116938.011578,1156325.000,55234,1,SF,1,100,5.5504
1735116938.411579,1156725.000,55299,1,SF,1,100,5.4862
1735116938.678579,1156992.000,55347,1,SF,1,100,5.4227
1735116939.011580,1157325.000,55399,1,SF,1,100,5.3600
1735116939.344580,1157658.000,55448,1,SF,1,100,5.2980
1735116939.744581,1158058.000,55515,1,SF,1,100,5.2367
1735116940.011581,1158325.000,55566,1,SF,1,100,5.1761
1735116940.344582,1158658.000,55614,1,SF,1,100,5.1162
1735116940.744583,1159058.000,55681,1,SF,1,100,5.0571
1735116941.011583,1159325.000,55732,1,SF,1,100,4.9986
1735116941.344584,1159658.000,55780,1,SF,1,100,4.9407
1735116941.678584,1159992.000,55834,1,SF,1,100,4.8836
1735116942.011585,1160325.000,55886,1,SF,1,100,4.8271
1735116942.411586,1160725.000,55951,1,SF,1,100,4.7712
1735116942.677586,1160991.000,56000,1,SF,1,100,4.7161
1735116943.011587,1161325.000,56051,1,SF,1,100,4.6615
1735116943.344587,1161658.000,56101,1,SF,1,100,4.6076
1735116943.744588,1162058.000,56166,1,SF,1,100,4.5543
1735116944.011588,1162325.000,56216,1,SF,1,100,4.5016
1735116944.344589,1162658.000,56265,1,SF,1,100,4.4495
1735116944.744590,1163058.000,56332,1,SF,1,100,4.3980
1735116945.011590,1163325.000,56382,1,SF,1,100,4.3472
1735116945.344591,1163658.000,56433,1,SF,1,100,4.2969
1735116945.677591,1163991.000,56481,1,SF,1,100,4.2472
1735116946.077592,1164391.000,56548,1,SF,1,100,4.1980
1735116946.344592,1164658.000,56599,1,SF,1,100,4.1495
1735116946.677593,1164991.000,56647,1,SF,1,100,4.1015
1735116947.010594,1165324.000,56703,1,SF,1,100,4.0540
1735116947.344594,1165658.000,56753,1,SF,1,100,4.0071
1735116947.744595,1166058.000,56818,1,SF,1,100,3.9608
1735116948.077595,1166391.000,56867,1,SF,1,100,3.9150
1735116948.344596,1166658.000,56917,1,SF,1,100,3.8697
1735116948.677597,1166991.000,56968,1,SF,1,100,3.8249
1735116949.077597,1167391.000,57033,1,SF,1,100,3.7807
1735116949.343598,1167657.000,57083,1,SF,1,100,3.7369
1735116949.677598,1167991.000,57134,1,SF,1,100,3.6937
1735116950.077599,1168391.000,57200,1,SF,1,100,3.6510
1735116950.410599,1168724.000,57249,1,SF,1,100,3.6087
1735116950.677600,1168991.000,57300,1,SF,1,100,3.5670
1735116951.010601,1169324.000,57348,1,SF,1,100,3.5257
1735116951.410601,1169724.000,57413,1,SF,1,100,3.4849
1735116951.677602,1169991.000,57466,1,SF,1,100,3.4446
1735116952.077602,1170391.000,57519,1,SF,1,100,3.4048
1735116952.410603,1170724.000,57570,1,SF,1,100,3.3654
1735116952.676604,1170990.000,57618,1,SF,1,100,3.3265
1735116953.010604,1171324.000,57669,1,SF,1,100,3.2880
1735116953.410605,1171724.000,57734,1,SF,1,100,3.2499
1735116953.676605,1171990.000,57784,1,SF,1,100,3.2123
1735116954.010606,1172324.000,57835,1,SF,1,100,3.1752
1735116954.410607,1172724.000,57902,1,SF,1,100,3.1385
1735116954.743607,1173057.000,57950,1,SF,1,100,3.1021
1735116955.010607,1173324.000,58001,1,SF,1,100,3.0663
1735116955.343608,1173657.000,58051,1,SF,1,100,3.0308
1735116955.743609,1174057.000,58116,1,SF,1,100,2.9957
1735116956.009609,1174323.000,58167,1,SF,1,100,2.9611
1735116956.343610,1174657.000,58218,1,SF,1,100,2.9268
1735116956.676610,1174990.000,58268,1,SF,1,100,2.8930
1735116957.076611,1175390.000,58336,1,SF,1,100,2.8595
1735116957.409612,1175723.000,58386,1,SF,1,100,2.8264
1735116957.676612,1175990.000,58437,1,SF,1,100,2.7937
1735116958.009613,1176323.000,58487,1,SF,1,100,2.7614
1735116958.343613,1176657.000,58536,1,SF,1,100,2.7295
1735116958.742614,1177056.000,58601,1,SF,1,100,2.6979
1735116959.009614,1177323.000,58653,1,SF,1,100,2.6667
1735116959.343615,1177657.000,58702,1,SF,1,100,2.6358
1735116959.742616,1178056.000,58769,1,SF,1,100,2.6053
1735116960.076616,1178390.000,58819,1,SF,1,100,2.5752
1735116960.342617,1178656.000,58870,1,SF,1,100,2.5454
1735116960.676617,1178990.000,58918,1,SF,1,100,2.5160
1735116961.076618,1179390.000,58985,1,SF,1,100,2.4869
1735116961.342619,1179656.000,59034,1,SF,1,100,2.4581
1735116961.676619,1179990.000,59084,1,SF,1,100,2.4297
1735116962.076620,1180390.000,59135,1,SF,1,100,2.4015
1735116962.342620,1180656.000,59177,1,SF,1,100,2.3738
1735116962.742621,1181056.000,59244,1,SF,1,100,2.3463
1735116963.009622,1181323.000,59295,1,SF,1,100,2.3192
1735116963.342622,1181656.000,59343,1,SF,1,100,2.2923
1735116963.675623,1181989.000,59396,1,SF,1,100,4.3481
1735116964.009623,1182323.000,59446,1,SF,1,100,4.2978
1735116964.409624,1182723.000,59513,1,SF,1,100,4.2481
1735116964.675624,1182989.000,59562,1,SF,1,100,4.1989
1735116965.008625,1183322.000,59612,1,SF,1,100,4.1503
1735116965.408626,1183722.000,59678,1,SF,1,100,4.1023
1735116965.742626,1184056.000,59730,1,SF,1,100,4.0549
1735116966.008627,1184322.000,59778,1,SF,1,100,4.0080
1735116966.342627,1184656.000,59828,1,SF,1,100,3.9616
1735116966.675628,1184989.000,59877,1,SF,1,100,3.9158
1735116967.075629,1185389.000,59944,1,SF,1,100,3.8705
1735116967.342629,1185656.000,59982,1,SF,1,100,3.8257
1735116967.742630,1186056.000,60049,1,SF,1,100,3.7814
1735116968.075630,1186389.000,60097,1,SF,1,100,3.7377
1735116968.341631,1186655.000,60150,1,SF,1,100,3.6945
1735116968.675632,1186989.000,60198,1,SF,1,100,3.6517
1735116969.008632,1187322.000,60247,1,SF,1,100,3.6095
1735116969.408633,1187722.000,60314,1,SF,1,100,3.5677
1735116969.675633,1187989.000,60366,1,SF,1,100,3.5265
1735116970.008634,1188322.000,60415,1,SF,1,100,3.4857
1735116970.408634,1188722.000,60482,1,SF,1,100,3.4453
1735116970.741635,1189055.000,60530,1,SF,1,100,3.4055
1735116971.075636,1189389.000,60583,1,SF,1,100,3.3661
1735116971.341636,1189655.000,60631,1,SF,1,100,3.3271
1735116971.675637,1189989.000,60682,1,SF,1,100,5.3709
1735116972.075637,1190389.000,60749,1,SF,1,100,5.3088
1735116972.408638,1190722.000,60806,1,SF,1,100,5.2474
1735116972.741638,1191055.000,60855,1,SF,1,100,5.1867
1735116973.074639,1191388.000,60904,1,SF,1,100,5.1267
1735116973.408640,1191722.000,60955,1,SF,1,100,5.0674
1735116973.674640,1191988.000,61005,1,SF,1,100,5.0087
1735116974.008641,1192322.000,61054,1,SF,1,100,4.9508
1735116974.408641,1192722.000,61121,1,SF,1,100,4.8935
1735116974.674642,1192988.000,61171,1,SF,1,100,4.8369
1735116975.007643,1193321.000,61222,1,SF,1,100,4.7810
1735116975.341643,1193655.000,61272,1,SF,1,100,4.7257
1735116975.674644,1193988.000,61321,1,SF,1,100,4.6710
1735116976.074644,1194388.000,61386,1,SF,1,100,4.6170
1735116976.341645,1194655.000,61436,1,SF,1,100,4.5635
1735116976.674645,1194988.000,61485,1,SF,1,100,4.5108
1735116977.074646,1195388.000,61550,1,SF,1,100,4.4586
1735116977.341646,1195655.000,61585,1,SF,1,100,4.4070
1735116977.741647,1196055.000,61610,1,SF,1,100,4.3560
1735116978.007648,1196321.000,61628,1,SF,1,100,4.3056
1735116978.341648,1196655.000,61677,1,SF,1,100,4.2558
1735116978.740649,1197054.000,61744,1,SF,1,100,4.2066
1735116979.074650,1197388.000,61794,1,SF,1,100,4.1579
1735116979.340650,1197654.000,61842,1,SF,1,100,4.1098
1735116979.674651,1197988.000,61893,1,SF,1,100,4.0623
1735116980.074651,1198388.000,61960,1,SF,1,100,4.0153
1735116980.340652,1198654.000,62010,1,SF,1,100,3.9688
1735116980.674652,1198988.000,62063,1,SF,1,100,3.9229
1735116981.007653,1199321.000,62111,1,SF,1,100,3.8776
1735116981.407654,1199721.000,62176,1,SF,1,100,3.8327
1735116981.674654,1199988.000,62227,1,SF,1,100,3.7884
1735116982.007655,1200321.000,62277,1,SF,1,100,3.7445
1735116982.407655,1200721.000,62342,1,SF,1,100,3.7012
1735116982.740656,1201054.000,62393,1,SF,1,100,3.6584
1735116983.007656,1201321.000,62432,1,SF,1,100,3.6161
1735116983.407657,1201721.000,62497,1,SF,1,100,3.5742
1735116983.673658,1201987.000,62550,1,SF,1,100,3.5329
1735116984.007658,1202321.000,62598,1,SF,1,100,3.4920
1735116984.407659,1202721.000,62665,1,SF,1,100,3.4516
1735116984.673659,1202987.000,62716,1,SF,1,100,3.4117
1735116985.007660,1203321.000,62765,1,SF,1,100,3.3722
1735116985.340661,1203654.000,62815,1,SF,1,100,3.3332
1735116985.740661,1204054.000,62882,1,SF,1,100,3.2947
1735116986.006662,1204320.000,62930,1,SF,1,100,3.2566
1735116986.340662,1204654.000,62979,1,SF,1,100,3.2189
1735116986.740663,1205054.000,63046,1,SF,1,100,3.1817
1735116987.006663,1205320.000,63096,1,SF,1,100,3.1448
1735116987.340664,1205654.000,63147,1,SF,1,100,3.1085
1735116987.673665,1205987.000,63195,1,SF,1,100,3.0725
1735116988.006665,1206320.000,63253,1,SF,1,100,3.0370
1735116988.339666,1206653.000,63301,1,SF,1,100,3.0018
1735116988.740666,1207054.000,63366,1,SF,1,100,2.9671
1735116989.006667,1207320.000,63419,1,SF,1,100,2.9328
1735116989.339668,1207653.000,63467,1,SF,1,100,2.8989
1735116989.739668,1208053.000,63534,1,SF,1,100,2.8653
1735116990.006669,1208320.000,63585,1,SF,1,100,2.8322
1735116990.339669,1208653.000,63634,1,SF,1,100,2.7994
1735116990.673670,1208987.000,63684,1,SF,1,100,2.7670
1735116991.073670,1209387.000,63751,1,SF,1,100,2.7350
1735116991.339671,1209653.000,63799,1,SF,1,100,2.7034
1735116991.673671,1209987.000,63848,1,SF,1,100,2.6721
1735116992.072672,1210386.000,63915,1,SF,1,100,2.6412
1735116992.406673,1210720.000,63965,1,SF,1,100,2.6106
1735116992.673673,1210987.000,64014,1,SF,1,100,2.5804
1735116993.006674,1211320.000,64062,1,SF,1,100,2.5506
1735116993.339674,1211653.000,64118,1,SF,1,100,2.5211
1735116993.739675,1212053.000,64183,1,SF,1,100,2.4919
1735116994.072676,1212386.000,64231,1,SF,1,100,2.4631
1735116994.339676,1212653.000,64284,1,SF,1,100,2.4346
1735116994.672677,1212986.000,64334,1,SF,1,100,2.4064
1735116995.072677,1213386.000,64399,1,SF,1,100,2.3786
1735116995.339678,1213653.000,64448,1,SF,1,100,2.3511
1735116995.672678,1213986.000,64500,1,SF,1,100,2.3239
1735116996.005679,1214319.000,64549,1,SF,1,100,2.2970
1735116996.405680,1214719.000,64616,1,SF,1,100,2.2704
1735116996.672680,1214986.000,64664,1,SF,1,100,2.2442
1735116997.005681,1215319.000,64713,1,SF,1,100,2.2182
1735116997.472682,1215786.000,64781,1,SF,1,100,2.1925
1735116997.672682,1215986.000,64815,1,SF,1,100,4.2494
1735116998.005683,1216319.000,64865,1,SF,1,100,4.2003
1735116998.339683,1216653.000,64921,1,SF,1,100,4.1517
1735116998.672684,1216986.000,64969,1,SF,1,100,4.1037
1735116999.072685,1217386.000,65036,1,SF,1,100,4.0562
1735116999.338685,1217652.000,65085,1,SF,1,100,4.0093
1735116999.672686,1217986.000,65135,1,SF,1,100,3.9629
1735117000.072686,1218386.000,65203,1,SF,1,100,5.9993
1735117000.405687,1218719.000,65253,1,SF,1,100,5.9299
1735117000.672687,1218986.000,65301,1,SF,1,100,5.8613
1735117001.005688,1219319.000,65352,1,SF,1,100,5.7935
1735117001.405689,1219719.000,65417,1,SF,1,100,5.7265
1735117001.672689,1219986.000,65467,1,SF,1,100,5.6602
1735117002.005690,1220319.000,65518,1,SF,1,100,5.5948
1735117002.405690,1220719.000,47,1,SF,1,100,5.5300
1735117002.738691,1221052.000,95,1,SF,1,100,5.4661
1735117003.005691,1221319.000,146,1,SF,1,100,5.4028
1735117003.338692,1221652.000,203,1,SF,1,100,5.3403
1735117003.738693,1222052.000,268,1,SF,1,100,5.2786
1735117004.005693,1222319.000,317,1,SF,1,100,5.2175
1735117004.338694,1222652.000,366,1,SF,1,100,5.1571
1735117004.671694,1222985.000,418,1,SF,1,100,5.0975
1735117005.071695,1223385.000,483,1,SF,1,100,5.0385
1735117005.338695,1223652.000,531,1,SF,1,100,4.9802
1735117005.671696,1223985.000,582,1,SF,1,100,4.9226
1735117006.071697,1224385.000,650,1,SF,1,100,6.9479
1735117006.404697,1224718.000,699,1,SF,1,100,6.8675
1735117006.671698,1224985.000,750,1,SF,1,100,6.7881
1735117007.004698,1225318.000,798,1,SF,1,100,6.7096
1735117007.404699,1225718.000,865,1,SF,1,100,6.6320
1735117007.671700,1225985.000,916,1,SF,1,100,6.5552
1735117008.004700,1226318.000,964,1,SF,1,100,6.4794
1735117008.404701,1226718.000,1034,1,SF,1,100,6.4045
1735117008.738701,1227052.000,1085,1,SF,1,100,6.3304
1735117009.004702,1227318.000,1135,1,SF,1,100,6.2571
1735117009.338702,1227652.000,1184,1,SF,1,100,6.1848
1735117009.737703,1228051.000,1253,1,SF,1,100,6.1132
1735117010.004704,1228318.000,1301,1,SF,1,100,6.0425
1735117010.337704,1228651.000,1351,1,SF,1,100,5.9726
1735117010.671705,1228985.000,1400,1,SF,1,100,5.9035
1735117011.071705,1229385.000,1467,1,SF,1,100,5.8352
1735117011.337706,1229651.000,1518,1,SF,1,100,5.7677
1735117011.670707,1229984.000,1566,1,SF,1,100,5.7010
1735117012.070707,1230384.000,1631,1,SF,1,100,5.6350
1735117012.337708,1230651.000,1684,1,SF,1,100,5.5698
1735117012.670708,1230984.000,1734,1,SF,1,100,5.5054
1735117013.004709,1231318.000,1783,1,SF,1,100,5.4417
1735117013.404710,1231718.000,1850,1,SF,1,100,5.3788
1735117013.670710,1231984.000,1905,1,SF,1,100,5.3166
1735117014.004710,1232318.000,1954,1,SF,1,100,5.2551
1735117014.337711,1232651.000,2004,1,SF,1,100,5.1943
1735117014.737712,1233051.000,2071,1,SF,1,100,5.1342
1735117015.004712,1233318.000,2122,1,SF,1,100,5.0748
1735117015.337713,1233651.000,2172,1,SF,1,100,5.0161
1735117015.737714,1234051.000,2237,1,SF,1,100,4.9581
1735117016.003714,1234317.000,2286,1,SF,1,100,4.9007
1735117016.337715,1234651.000,2336,1,SF,1,100,4.8440
1735117016.670715,1234984.000,2387,1,SF,1,100,4.7880
1735117017.070716,1235384.000,2452,1,SF,1,100,4.7326
1735117017.337716,1235651.000,2500,1,SF,1,100,4.6778
1735117017.670717,1235984.000,2549,1,SF,1,100,4.6237
1735117018.070718,1236384.000,2616,1,SF,1,100,4.5702
1735117018.337718,1236651.000,2668,1,SF,1,100,6.5996
1735117018.670719,1236984.000,2722,1,SF,1,100,6.5233
1735117019.003719,1237317.000,2772,1,SF,1,100,6.4478
1735117019.403720,1237717.000,2839,1,SF,1,100,6.3732
1735117019.670720,1237984.000,2890,1,SF,1,100,6.2995
1735117020.003721,1238317.000,2938,1,SF,1,100,6.2266
1735117020.403722,1238717.000,3005,1,SF,1,100,6.1546
1735117020.670722,1238984.000,3054,1,SF,1,100,6.0834
1735117021.003723,1239317.000,3104,1,SF,1,100,6.0130
1735117021.336723,1239650.000,3155,1,SF,1,100,5.9435
1735117021.736724,1240050.000,3220,1,SF,1,100,5.8747
1735117022.003725,1240317.000,3270,1,SF,1,100,5.8068
1735117022.336725,1240650.000,3319,1,SF,1,100,5.7396
1735117022.736726,1241050.000,3385,1,SF,1,100,5.6732
1735117023.069726,1241383.000,3436,1,SF,1,100,5.6076
1735117023.336727,1241650.000,3485,1,SF,1,100,5.5427
1735117023.669727,1241983.000,3533,1,SF,1,100,5.4786
1735117024.069728,1242383.000,3603,1,SF,1,100,5.4152
1735117024.336729,1242650.000,3656,1,SF,1,100,5.3525
1735117024.669729,1242983.000,3706,1,SF,1,100,5.2906
1735117025.069730,1243383.000,3773,1,SF,1,100,5.2294
1735117025.336730,1243650.000,3822,1,SF,1,100,5.1689
1735117025.669731,1243983.000,3872,1,SF,1,100,5.1091
1735117026.002732,1244316.000,3923,1,SF,1,100,5.0500
1735117026.402732,1244716.000,3988,1,SF,1,100,4.9916
1735117026.669733,1244983.000,4036,1,SF,1,100,4.9339
1735117027.002733,1245316.000,4087,1,SF,1,100,4.8768
1735117027.402734,1245716.000,4152,1,SF,1,100,4.8204
1735117027.669734,1245983.000,4202,1,SF,1,100,4.7646
1735117028.002735,1246316.000,4253,1,SF,1,100,4.7095
1735117028.336735,1246650.000,4301,1,SF,1,100,4.6550
1735117028.735736,1247049.000,4366,1,SF,1,100,4.6012
1735117029.002737,1247316.000,4422,1,SF,1,100,4.5479
1735117029.335737,1247649.000,4472,1,SF,1,100,4.4953
1735117029.669738,1247983.000,4523,1,SF,1,100,4.4433
1735117030.069739,1248383.000,4588,1,SF,1,100,4.3919
1735117030.335739,1248649.000,4640,1,SF,1,100,4.3411
1735117030.669740,1248983.000,4689,1,SF,1,100,4.2909
1735117031.069740,1249383.000,4754,1,SF,1,100,4.2413
1735117031.402741,1249716.000,4804,1,SF,1,100,4.1922
1735117031.669741,1249983.000,4855,1,SF,1,100,4.1437
1735117032.002742,1250316.000,4903,1,SF,1,100,4.0958
1735117032.402743,1250716.000,4970,1,SF,1,100,4.0484
1735117032.669743,1250983.000,5019,1,SF,1,100,4.0016
1735117033.002744,1251316.000,5069,1,SF,1,100,3.9553
1735117033.335744,1251649.000,5118,1,SF,1,100,3.9095
1735117033.735745,1252049.000,5185,1,SF,1,100,3.8643
1735117034.002745,1252316.000,5238,1,SF,1,100,3.8196
1735117034.335746,1252649.000,5287,1,SF,1,100,3.7754
1735117034.735747,1253049.000,5357,1,SF,1,100,3.7317
1735117035.002747,1253316.000,5406,1,SF,1,100,3.6886
1735117035.335748,1253649.000,5455,1,SF,1,100,3.6459
1735117035.668748,1253982.000,5503,1,SF,1,100,3.6037
1735117036.068749,1254382.000,5568,1,SF,1,100,3.5620
1735117036.335749,1254649.000,5623,1,SF,1,100,3.5208
1735117036.668750,1254982.000,5671,1,SF,1,100,3.4801
1735117037.001751,1255315.000,5720,1,SF,1,100,3.4398
1735117037.401751,1255715.000,5785,1,SF,1,100,3.4000
1735117037.668752,1255982.000,5837,1,SF,1,100,3.3607
1735117038.001752,1256315.000,5886,1,SF,1,100,3.3218
1735117038.401753,1256715.000,5951,1,SF,1,100,3.2834
1735117038.668754,1256982.000,6001,1,SF,1,100,3.2454
1735117039.001754,1257315.000,6051,1,SF,1,100,3.2079
1735117039.334755,1257648.000,6105,1,SF,1,100,3.1708
1735117039.734756,1258048.000,6172,1,SF,1,100,3.1341
1735117040.001756,1258315.000,6223,1,SF,1,100,3.0978
1735117040.334756,1258648.000,6271,1,SF,1,100,3.0620
1735117040.734757,1259048.000,6338,1,SF,1,100,3.0266
1735117041.001758,1259315.000,6389,1,SF,1,100,2.9916
1735117041.334758,1259648.000,6439,1,SF,1,100,2.9570
1735117041.668759,1259982.000,6488,1,SF,1,100,2.9228
1735117042.067760,1260381.000,6553,1,SF,1,100,2.8889
1735117042.334760,1260648.000,6603,1,SF,1,100,2.8555
1735117042.668761,1260982.000,6654,1,SF,1,100,2.8225
1735117043.067761,1261381.000,6719,1,SF,1,100,2.7898
1735117043.334762,1261648.000,6767,1,SF,1,100,2.7576
1735117043.667762,1261981.000,6819,1,SF,1,100,2.7257
1735117044.001763,1262315.000,6868,1,SF,1,100,2.6941
1735117044.334764,1262648.000,6922,1,SF,1,100,2.6630
1735117044.734764,1263048.000,6989,1,SF,1,100,2.6322
1735117045.001765,1263315.000,7041,1,SF,1,100,2.6017
1735117045.334765,1263648.000,7090,1,SF,1,100,2.5716
1735117045.734766,1264048.000,7155,1,SF,1,100,2.5419
1735117046.000766,1264314.000,7205,1,SF,1,100,2.5125
1735117046.334767,1264648.000,7255,1,SF,1,100,2.4834
1735117046.667768,1264981.000,7304,1,SF,1,100,2.4547
1735117047.067768,1265381.000,7371,1,SF,1,100,2.4263
1735117047.334769,1265648.000,7420,1,SF,1,100,2.3982
1735117047.667769,1265981.000,7468,1,SF,1,100,2.3705
1735117048.067770,1266381.000,7535,1,SF,1,100,2.3430
1735117048.334770,1266648.000,7586,1,SF,1,100,2.3159
1735117048.667771,1266981.000,7634,1,SF,1,100,2.2892
1735117049.000772,1267314.000,7683,1,SF,1,100,2.2627
1735117049.400772,1267714.000,7755,1,SF,1,100,2.2365
1735117049.667773,1267981.000,7805,1,SF,1,100,2.2106
1735117050.000773,1268314.000,7854,1,SF,1,100,2.1851
1735117050.400774,1268714.000,7919,1,SF,1,100,2.1598
1735117050.667774,1268981.000,7967,1,SF,1,100,2.1348
1735117051.000775,1269314.000,8017,1,SF,1,100,2.1101
1735117051.400776,1269714.000,8086,1,SF,1,100,4.1679
1735117051.733776,1270047.000,8135,1,SF,1,100,4.1197
1735117052.000777,1270314.000,8186,1,SF,1,100,4.0721
1735117052.333777,1270647.000,8234,1,SF,1,100,4.0250
1735117052.733778,1271047.000,8299,1,SF,1,100,3.9784
1735117053.000779,1271314.000,8352,1,SF,1,100,3.9324
1735117053.333779,1271647.000,8400,1,SF,1,100,3.8869
1735117053.733780,1272047.000,8465,1,SF,1,100,3.8419
1735117054.066781,1272380.000,8514,1,SF,1,100,3.7975
1735117054.333781,1272647.000,8566,1,SF,1,100,3.7535
1735117054.666781,1272980.000,8622,1,SF,1,100,3.7101
1735117055.066782,1273380.000,8687,1,SF,1,100,3.6672
1735117055.333783,1273647.000,8737,1,SF,1,100,3.6248
1735117055.666783,1273980.000,8787,1,SF,1,100,3.5829
1735117055.999784,1274313.000,8836,1,SF,1,100,3.5414
1735117056.399785,1274713.000,8903,1,SF,1,100,3.5004
1735117056.666785,1274980.000,8952,1,SF,1,100,3.4599
1735117056.999786,1275313.000,9000,1,SF,1,100,3.4199
1735117057.399786,1275713.000,9065,1,SF,1,100,3.3804
1735117057.666787,1275980.000,9118,1,SF,1,100,3.3413
1735117057.999787,1276313.000,9166,1,SF,1,100,3.3026
1735117058.333788,1276647.000,9215,1,SF,1,100,3.2644
1735117058.733788,1277047.000,9282,1,SF,1,100,3.2266
1735117058.999789,1277313.000,9332,1,SF,1,100,3.1893
1735117059.332790,1277646.000,9381,1,SF,1,100,3.1524
1735117059.666790,1277980.000,9438,1,SF,1,100,3.1159
1735117060.066791,1278380.000,9503,1,SF,1,100,3.0799
1735117060.333791,1278647.000,9554,1,SF,1,100,3.0443
1735117060.666792,1278980.000,9604,1,SF,1,100,3.0091
1735117061.066793,1279380.000,9669,1,SF,1,100,2.9742
1735117061.332793,1279646.000,9718,1,SF,1,100,2.9398
1735117061.666794,1279980.000,9767,1,SF,1,100,2.9058
1735117061.999794,1280313.000,9819,1,SF,1,100,2.8722
1735117062.399795,1280713.000,9884,1,SF,1,100,2.8390
1735117062.665796,1280979.000,9932,1,SF,1,100,2.8062
1735117062.999796,1281313.000,9983,1,SF,1,100,2.7737
1735117063.399797,1281713.000,10049,1,SF,1,100,2.7416
1735117063.665797,1281979.000,10100,1,SF,1,100,2.7099
1735117063.999798,1282313.000,10149,1,SF,1,100,2.6785
1735117064.332798,1282646.000,10197,1,SF,1,100,2.6476
1735117064.732799,1283046.000,10269,1,SF,1,100,2.6169
1735117064.999799,1283313.000,10322,1,SF,1,100,2.5867
1735117065.332800,1283646.000,10370,1,SF,1,100,2.5567
1735117065.732801,1284046.000,10435,1,SF,1,100,2.5272
1735117065.999801,1284313.000,10486,1,SF,1,100,2.4979
1735117066.332802,1284646.000,10535,1,SF,1,100,2.4690
1735117066.665802,1284979.000,10585,1,SF,1,100,2.4405
1735117066.998803,1285312.000,10633,1,SF,1,100,2.4122
1735117067.332803,1285646.000,10684,1,SF,1,100,2.3843
1735117067.732804,1286046.000,10749,1,SF,1,100,2.3567
1735117067.998805,1286312.000,10799,1,SF,1,100,2.3295
1735117068.332805,1286646.000,10848,1,SF,1,100,2.3025
1735117068.732806,1287046.000,10914,1,SF,1,100,2.2759
1735117069.065807,1287379.000,10965,1,SF,1,100,2.2496
1735117069.332807,1287646.000,11014,1,SF,1,100,2.2235
1735117069.665808,1287979.000,11064,1,SF,1,100,2.1978
1735117070.065808,1288379.000,11136,1,SF,1,100,2.1724
1735117070.332809,1288646.000,11187,1,SF,1,100,2.1473
1735117070.665809,1288979.000,11235,1,SF,1,100,2.1224
1735117071.065810,1289379.000,11302,1,SF,1,100,2.0979
1735117071.398811,1289712.000,11351,1,SF,1,100,2.0736
1735117071.665811,1289979.000,11401,1,SF,1,100,2.0496
1735117071.998812,1290312.000,11452,1,SF,1,100,2.0259
1735117072.398813,1290712.000,11517,1,SF,1,100,2.0025
1735117072.664813,1290978.000,11565,1,SF,1,100,1.9793
1735117072.998813,1291312.000,11614,1,SF,1,100,1.9564
1735117073.398814,1291712.000,11682,1,SF,1,100,1.9338
1735117073.664815,1291978.000,11731,1,SF,1,100,1.9114
1735117073.998815,1292312.000,11780,1,SF,1,100,1.8893
1735117074.331816,1292645.000,11830,1,SF,1,100,1.8674
1735117074.731817,1293045.000,11897,1,SF,1,100,1.8458
1735117074.998817,1293312.000,11955,1,SF,1,100,1.8245
1735117075.331818,1293645.000,12003,1,SF,1,100,1.8034
1735117075.731818,1294045.000,12068,1,SF,1,100,1.7825
1735117075.998819,1294312.000,12119,1,SF,1,100,1.7619
1735117076.331819,1294645.000,12168,1,SF,1,100,1.7415
1735117076.664820,1294978.000,12218,1,SF,1,100,1.7214
1735117077.064821,1295378.000,12283,1,SF,1,100,1.7015
1735117077.331821,1295645.000,12333,1,SF,1,100,1.6818
1735117077.664822,1295978.000,12382,1,SF,1,100,1.6623
1735117078.064822,1296378.000,12449,1,SF,1,100,1.6431
1735117078.331823,1296645.000,12499,1,SF,1,100,1.6241
1735117078.664823,1296978.000,12548,1,SF,1,100,1.6053
1735117078.997824,1297311.000,12596,1,SF,1,100,1.5867
1735117079.397825,1297711.000,12665,1,SF,1,100,1.5684
1735117079.664825,1297978.000,12716,1,SF,1,100,1.5502
1735117079.997826,1298311.000,12764,1,SF,1,100,1.5323
1735117080.397826,1298711.000,12836,1,SF,1,100,1.5146
1735117080.730827,1299044.000,12885,1,SF,1,100,1.4971
1735117080.997828,1299311.000,12937,1,SF,1,100,1.4797
1735117081.330828,1299644.000,12986,1,SF,1,100,1.4626
1735117081.730829,1300044.000,13051,1,SF,1,100,1.4457
1735117081.997829,1300311.000,13099,1,SF,1,100,1.4290
1735117082.330830,1300644.000,13150,1,SF,1,100,1.4124
1735117082.730830,1301044.000,13216,1,SF,1,100,1.3961
1735117083.063831,1301377.000,13265,1,SF,1,100,1.3800
1735117083.330832,1301644.000,13314,1,SF,1,100,1.3640
1735117083.663832,1301977.000,13362,1,SF,1,100,1.3482
1735117084.063833,1302377.000,13427,1,SF,1,100,1.3326
1735117084.330833,1302644.000,13480,1,SF,1,100,1.3172
1735117084.663834,1302977.000,13530,1,SF,1,100,1.3020
1735117085.063835,1303377.000,13595,1,SF,1,100,1.2869
1735117085.397835,1303711.000,13649,1,SF,1,100,1.2720
1735117085.663836,1303977.000,13701,1,SF,1,100,1.2573
1735117085.996836,1304310.000,13750,1,SF,1,100,1.2428
1735117086.396837,1304710.000,13817,1,SF,1,100,1.2284
1735117086.663837,1304977.000,13865,1,SF,1,100,1.2142
1735117086.996838,1305310.000,13915,1,SF,1,100,1.2001
1735117087.330838,1305644.000,13966,1,SF,1,100,1.1862
1735117087.730839,1306044.000,14031,1,SF,1,100,1.1725
1735117087.996840,1306310.000,14080,1,SF,1,100,1.1590
1735117088.330840,1306644.000,14128,1,SF,1,100,1.1455
1735117088.729841,1307043.000,14195,1,SF,1,100,1.1323
1735117088.996841,1307310.000,14246,1,SF,1,100,1.1192
1735117089.330842,1307644.000,14294,1,SF,1,100,1.1062
1735117089.663843,1307977.000,14345,1,SF,1,100,1.0935
1735117090.063843,1308377.000,14410,1,SF,1,100,1.0808
1735117090.329844,1308643.000,14465,1,SF,1,100,1.0683
1735117090.663844,1308977.000,14514,1,SF,1,100,1.0559
1735117091.063845,1309377.000,14581,1,SF,1,100,1.0437
1735117091.329845,1309643.000,14629,1,SF,1,100,1.0317
1735117091.663846,1309977.000,14679,1,SF,1,100,1.0197
1735117092.062847,1310376.000,14744,1,SF,1,100,1.0079
1735117092.396847,1310710.000,14795,1,SF,1,100,0.9963
1735117092.662848,1310976.000,14844,1,SF,1,100,0.9847
1735117092.996848,1311310.000,14892,1,SF,1,100,0.9733
1735117093.396849,1311710.000,14959,1,SF,1,100,0.9621
1735117093.662850,1311976.000,15010,1,SF,1,100,0.9510
1735117093.996850,1312310.000,15058,1,SF,1,100,0.9400
1735117094.396851,1312710.000,15127,1,SF,1,100,0.9291
1735117094.729851,1313043.000,15176,1,SF,1,100,0.9183
1735117094.996852,1313310.000,15226,1,SF,1,100,0.9077
1735117095.329853,1313643.000,15275,1,SF,1,100,0.8972
1735117095.729853,1314043.000,15347,1,SF,1,100,0.8868
1735117095.995854,1314309.000,15395,1,SF,1,100,0.8766
1735117096.329854,1314643.000,15446,1,SF,1,100,0.8664
1735117096.729855,1315043.000,15512,1,SF,1,100,0.8564
1735117097.062855,1315376.000,15561,1,SF,1,100,0.8465
1735117097.329856,1315643.000,15610,1,SF,1,100,0.8367
1735117097.662857,1315976.000,15660,1,SF,1,100,0.8270
1735117098.062857,1316376.000,15725,1,SF,1,100,0.8175
1735117098.329858,1316643.000,15776,1,SF,1,100,0.8080
1735117098.662858,1316976.000,15826,1,SF,1,100,0.7987
1735117098.995859,1317309.000,15875,1,SF,1,100,0.7894
1735117099.395859,1317709.000,15942,1,SF,1,100,0.7803
1735117099.662860,1317976.000,15994,1,SF,1,100,0.7713
1735117099.995861,1318309.000,16043,1,SF,1,100,0.7623
1735117100.395861,1318709.000,16108,1,SF,1,100,0.7535
1735117100.728862,1319042.000,16163,1,SF,1,100,0.7448
1735117101.062862,1319376.000,16214,1,SF,1,100,0.7362
1735117101.328863,1319642.000,16262,1,SF,1,100,0.7277
1735117101.662863,1319976.000,16311,1,SF,1,100,0.7193
1735117102.061864,1320375.000,16379,1,SF,1,100,0.7109
1735117102.395865,1320709.000,16428,1,SF,1,100,0.7027
1735117102.661865,1320975.000,16479,1,SF,1,100,0.6946
1735117102.995866,1321309.000,16527,1,SF,1,100,0.6865
1735117103.395867,1321709.000,16592,1,SF,1,100,0.6786
1735117103.662867,1321976.000,16643,1,SF,1,100,0.6708
1735117103.995867,1322309.000,16693,1,SF,1,100,0.6630
1735117104.395868,1322709.000,16760,1,SF,1,100,0.6553
1735117104.728869,1323042.000,16809,1,SF,1,100,0.6477
1735117104.995869,1323309.000,16861,1,SF,1,100,0.6403
1735117105.328870,1323642.000,16910,1,SF,1,100,0.6328
1735117105.728871,1324042.000,16980,1,SF,1,100,0.6255
1735117105.994871,1324308.000,17028,1,SF,1,100,0.6183
1735117106.328872,1324642.000,17080,1,SF,1,100,0.6111
1735117106.728872,1325042.000,17147,1,SF,1,100,0.6041
1735117107.061873,1325375.000,17196,1,SF,1,100,0.5971
1735117107.328873,1325642.000,17245,1,SF,1,100,0.5902
1735117107.661874,1325975.000,17293,1,SF,1,100,0.5833
1735117108.061875,1326375.000,17360,1,SF,1,100,0.5766
1735117108.328875,1326642.000,17411,1,SF,1,100,0.5699
1735117108.661876,1326975.000,17459,1,SF,1,100,0.5633
1735117109.061877,1327375.000,17524,1,SF,1,100,0.5568
1735117109.394877,1327708.000,17577,1,SF,1,100,0.5504
1735117109.661877,1327975.000,17627,1,SF,1,100,0.5440
1735117109.994878,1328308.000,17678,1,SF,1,100,0.5377
1735117110.394879,1328708.000,17743,1,SF,1,100,0.5315
1735117110.661879,1328975.000,17791,1,SF,1,100,0.5253
1735117110.994880,1329308.000,17845,1,SF,1,100,0.5193
1735117111.327880,1329641.000,17897,1,SF,1,100,0.5133
1735117111.727881,1330041.000,17962,1,SF,1,100,0.5073
1735117111.994882,1330308.000,18013,1,SF,1,100,0.5015
1735117112.327882,1330641.000,18061,1,SF,1,100,0.4957
1735117112.727883,1331041.000,18126,1,SF,1,100,0.4899
1735117112.994883,1331308.000,18177,1,SF,1,100,0.4843
1735117113.327884,1331641.000,18227,1,SF,1,100,0.4787
1735117113.660884,1331974.000,18276,1,SF,1,100,0.4731
1735117114.060885,1332374.000,18343,1,SF,1,100,0.4676
1735117114.327886,1332641.000,18393,1,SF,1,100,0.4622
1735117114.660886,1332974.000,18444,1,SF,1,100,0.4569
1735117115.060887,1333374.000,18511,1,SF,1,100,0.4516
1735117115.327887,1333641.000,18559,1,SF,1,100,0.4464
1735117115.660888,1333974.000,18610,1,SF,1,100,0.4412
1735117115.993889,1334307.000,18667,1,SF,1,100,2.5184
1735117116.393889,1334707.000,18732,1,SF,1,100,2.4892
1735117116.727890,1335041.000,18781,1,SF,1,100,2.4604
1735117116.993890,1335307.000,18831,1,SF,1,100,2.4320
1735117117.327891,1335641.000,18882,1,SF,1,100,2.4038
1735117117.727892,1336041.000,18947,1,SF,1,100,2.3760
1735117117.993892,1336307.000,18995,1,SF,1,100,2.3485
1735117118.327893,1336641.000,19047,1,SF,1,100,2.3214
1735117118.660893,1336974.000,19096,1,SF,1,100,2.2945
1735117119.060894,1337374.000,19163,1,SF,1,100,2.2680
1735117119.326894,1337640.000,19212,1,SF,1,100,2.2417
1735117119.660895,1337974.000,19262,1,SF,1,100,2.2158
1735117120.060896,1338374.000,19327,1,SF,1,100,2.1902
1735117120.327896,1338641.000,19380,1,SF,1,100,2.1648
1735117120.660897,1338974.000,19428,1,SF,1,100,2.1398
1735117120.993897,1339307.000,19477,1,SF,1,100,2.1150
1735117121.393898,1339707.000,19549,1,SF,1,100,2.0906
1735117121.660898,1339974.000,19599,1,SF,1,100,2.0664
1735117121.993899,1340307.000,19648,1,SF,1,100,2.0425
1735117122.393900,1340707.000,19713,1,SF,1,100,2.0189
1735117122.659900,1340973.000,19761,1,SF,1,100,1.9955
1735117122.993901,1341307.000,19812,1,SF,1,100,1.9724
1735117123.326901,1341640.000,19862,1,SF,1,100,1.9496
1735117123.726902,1342040.000,19927,1,SF,1,100,1.9271
1735117123.993902,1342307.000,19976,1,SF,1,100,1.9048
1735117124.326903,1342640.000,20026,1,SF,1,100,1.8827
1735117124.726904,1343040.000,20094,1,SF,1,100,1.8609
1735117125.059904,1343373.000,20146,1,SF,1,100,1.8394
1735117125.326905,1343640.000,20194,1,SF,1,100,1.8181
1735117125.659905,1343973.000,20243,1,SF,1,100,1.7971
1735117126.059906,1344373.000,20312,1,SF,1,100,3.8586
1735117126.326907,1344640.000,20367,1,SF,1,100,3.8139
1735117126.659907,1344973.000,20416,1,SF,1,100,3.7698
1735117127.059908,1345373.000,20483,1,SF,1,100,3.7262
1735117127.392908,1345706.000,20531,1,SF,1,100,3.6831
1735117127.659909,1345973.000,20584,1,SF,1,100,3.6405
1735117127.992909,1346306.000,20632,1,SF,1,100,3.5984
1735117128.392910,1346706.000,20697,1,SF,1,100,3.5568
1735117128.659911,1346973.000,20746,1,SF,1,100,3.5156
1735117128.992911,1347306.000,20796,1,SF,1,100,3.4749
1735117129.392912,1347706.000,20864,1,SF,1,100,3.4347
1735117129.725913,1348039.000,20914,1,SF,1,100,3.3950
1735117129.992913,1348306.000,20964,1,SF,1,100,3.3557
1735117130.325914,1348639.000,21013,1,SF,1,100,3.3169
1735117130.725914,1349039.000,21078,1,SF,1,100,3.2785
1735117130.992915,1349306.000,21130,1,SF,1,100,3.2406
1735117131.326915,1349640.000,21168,1,SF,1,100,3.2031
1735117131.725916,1350039.000,21233,1,SF,1,100,3.1661
1735117131.992917,1350306.000,21283,1,SF,1,100,3.1295
1735117132.325917,1350639.000,21332,1,SF,1,100,3.0933
1735117132.725918,1351039.000,21397,1,SF,1,100,3.0575
1735117132.992918,1351306.000,21449,1,SF,1,100,3.0221
1735117133.325919,1351639.000,21498,1,SF,1,100,2.9871
1735117133.658919,1351972.000,21546,1,SF,1,100,2.9526
1735117134.058920,1352372.000,21613,1,SF,1,100,2.9184
1735117134.325921,1352639.000,21664,1,SF,1,100,2.8847
1735117134.658921,1352972.000,21716,1,SF,1,100,2.8513
1735117135.058922,1353372.000,21781,1,SF,1,100,2.8183
1735117135.325922,1353639.000,21815,1,SF,1,100,2.7857
1735117135.658923,1353972.000,21865,1,SF,1,100,2.7535
1735117135.991923,1354305.000,21916,1,SF,1,100,2.7216
1735117136.391924,1354705.000,21988,1,SF,1,100,2.6901
1735117136.658925,1354972.000,22037,1,SF,1,100,2.6590
1735117136.991925,1355305.000,22085,1,SF,1,100,2.6283
1735117137.391926,1355705.000,22152,1,SF,1,100,2.5979
1735117137.658926,1355972.000,22185,1,SF,1,100,2.5678
1735117138.058927,1356372.000,22250,1,SF,1,100,2.5381
1735117138.325927,1356639.000,22305,1,SF,1,100,4.5910
1735117138.658928,1356972.000,22353,1,SF,1,100,4.5379
1735117139.058929,1357372.000,22420,1,SF,1,100,4.4854
1735117139.325929,1357639.000,22469,1,SF,1,100,4.4335
1735117139.658930,1357972.000,22520,1,SF,1,100,4.3822
1735117139.991930,1358305.000,22572,1,SF,1,100,4.3315
1735117140.391931,1358705.000,22637,1,SF,1,100,4.2814
1735117140.658931,1358972.000,22685,1,SF,1,100,4.2319
1735117140.991932,1359305.000,22735,1,SF,1,100,4.1829
1735117141.324933,1359638.000,22786,1,SF,1,100,4.1345
1735117141.724933,1360038.000,22856,1,SF,1,100,4.0867
1735117142.057934,1360371.000,22905,1,SF,1,100,4.0394
1735117142.324934,1360638.000,22957,1,SF,1,100,3.9927
1735117142.657935,1360971.000,23006,1,SF,1,100,3.9465
1735117142.991936,1361305.000,23056,1,SF,1,100,3.9009
1735117143.391936,1361705.000,23121,1,SF,1,100,3.8557
1735117143.657937,1361971.000,23172,1,SF,1,100,3.8111
1735117143.991937,1362305.000,23222,1,SF,1,100,3.7671
1735117144.324938,1362638.000,23271,1,SF,1,100,3.7235
1735117144.724939,1363038.000,23338,1,SF,1,100,3.6804
1735117144.991939,1363305.000,23390,1,SF,1,100,3.6378
1735117145.324940,1363638.000,23439,1,SF,1,100,3.5957
1735117145.657940,1363971.000,23489,1,SF,1,100,3.5542
1735117146.057941,1364371.000,23554,1,SF,1,100,3.5130
1735117146.390942,1364704.000,23605,1,SF,1,100,3.4724
1735117146.657942,1364971.000,23658,1,SF,1,100,3.4322
1735117146.990943,1365304.000,23708,1,SF,1,100,3.3925
1735117147.324943,1365638.000,23759,1,SF,1,100,3.3533
1735117147.724944,1366038.000,23824,1,SF,1,100,3.3145
1735117147.990944,1366304.000,23875,1,SF,1,100,3.2761
1735117148.324945,1366638.000,23923,1,SF,1,100,3.2382
1735117148.657946,1366971.000,23974,1,SF,1,100,3.2008
1735117149.057946,1367371.000,24039,1,SF,1,100,3.1638
1735117149.323947,1367637.000,24087,1,SF,1,100,3.1272
1735117149.657947,1367971.000,24139,1,SF,1,100,3.0910
1735117149.990948,1368304.000,24190,1,SF,1,100,3.0552
1735117150.390949,1368704.000,24255,1,SF,1,100,3.0199
1735117150.723949,1369037.000,24304,1,SF,1,100,2.9850
1735117151.123950,1369437.000,24340,1,SF,1,100,2.9504
1735117151.323950,1369637.000,24358,1,SF,1,100,2.9163
1735117151.723951,1370037.000,24428,1,SF,1,100,2.8826
1735117151.990951,1370304.000,24476,1,SF,1,100,2.8492
1735117152.323952,1370637.000,24526,1,SF,1,100,2.8163
1735117152.656953,1370970.000,24575,1,SF,1,100,2.7837
1735117153.056953,1371370.000,24640,1,SF,1,100,2.7515
1735117153.323954,1371637.000,24689,1,SF,1,100,2.7196
